$MeshFormat
4.1 0 8
$EndMeshFormat
$PhysicalNames
13
2 1 "obstacles_0"
2 2 "obstacles_1"
2 3 "obstacles_2"
2 4 "obstacles_3"
2 5 "obstacles_4"
2 6 "obstacles_5"
2 7 "obstacles_6"
2 8 "obstacles_7"
2 9 "obstacles_8"
2 10 "obstacles_9"
2 11 "obstacles_10"
2 12 "source"
2 13 "background"
$EndPhysicalNames
$Entities
38 52 16 0
1 0 0 0 0 
2 7 0 0 0 
3 0 7 0 0 
4 7 7 0 0 
5 2 2 0 0 
6 1 2 0 0 
7 1 1 0 0 
8 2 1 0 0 
9 5 2 0 0 
10 5 1 0 0 
11 6 1 0 0 
12 6 2 0 0 
13 2 5 0 0 
14 2 4 0 0 
15 1 4 0 0 
16 1 3 0 0 
17 2 3 0 0 
18 3 2 0 0 
19 3 1 0 0 
20 4 1 0 0 
21 4 2 0 0 
22 5 3 0 0 
23 6 3 0 0 
24 6 4 0 0 
25 5 4 0 0 
26 5 5 0 0 
27 4 5 0 0 
28 4 4 0 0 
29 3 4 0 0 
30 3 5 0 0 
31 1 5 0 0 
32 2 6 0 0 
33 1 6 0 0 
34 6 5 0 0 
35 6 6 0 0 
36 5 6 0 0 
37 3 3 0 0 
38 4 3 0 0 
1 -9.999999983634211e-08 -1e-07 -1e-07 7.0000001 1e-07 1e-07 0 2 1 -2 
2 -1e-07 -9.999999983634211e-08 -1e-07 1e-07 7.0000001 1e-07 0 2 3 -1 
3 6.9999999 -9.999999983634211e-08 -1e-07 7.0000001 7.0000001 1e-07 0 2 2 -4 
4 -9.999999983634211e-08 6.9999999 -1e-07 7.0000001 7.0000001 1e-07 0 2 4 -3 
5 0.9999999000000001 1.9999999 -1e-07 2.0000001 2.0000001 1e-07 0 2 5 -6 
6 0.9999999000000001 0.9999999000000001 -1e-07 1.0000001 2.0000001 1e-07 0 2 6 -7 
7 0.9999999000000001 0.9999999000000001 -1e-07 2.0000001 1.0000001 1e-07 0 2 7 -8 
8 1.9999999 0.9999999000000001 -1e-07 2.0000001 2.0000001 1e-07 0 2 8 -5 
9 4.9999999 0.9999999000000001 -1e-07 5.0000001 2.0000001 1e-07 0 2 9 -10 
10 4.9999999 0.9999999000000001 -1e-07 6.0000001 1.0000001 1e-07 0 2 10 -11 
11 5.9999999 0.9999999000000001 -1e-07 6.0000001 2.0000001 1e-07 0 2 11 -12 
12 4.9999999 1.9999999 -1e-07 6.0000001 2.0000001 1e-07 0 2 12 -9 
13 1.9999999 3.9999999 -1e-07 2.0000001 5.0000001 1e-07 0 2 13 -14 
14 0.9999999000000001 3.9999999 -1e-07 2.0000001 4.0000001 1e-07 0 2 14 -15 
15 0.9999999000000001 2.9999999 -1e-07 1.0000001 4.0000001 1e-07 0 2 15 -16 
16 0.9999999000000001 2.9999999 -1e-07 2.0000001 3.0000001 1e-07 0 2 16 -17 
17 1.9999999 1.9999999 -1e-07 2.0000001 3.0000001 1e-07 0 2 17 -5 
18 1.9999999 1.9999999 -1e-07 3.0000001 2.0000001 1e-07 0 2 5 -18 
19 2.9999999 0.9999999000000001 -1e-07 3.0000001 2.0000001 1e-07 0 2 18 -19 
20 2.9999999 0.9999999000000001 -1e-07 4.0000001 1.0000001 1e-07 0 2 19 -20 
21 3.9999999 0.9999999000000001 -1e-07 4.0000001 2.0000001 1e-07 0 2 20 -21 
22 3.9999999 1.9999999 -1e-07 5.0000001 2.0000001 1e-07 0 2 21 -9 
23 4.9999999 1.9999999 -1e-07 5.0000001 3.0000001 1e-07 0 2 9 -22 
24 4.9999999 2.9999999 -1e-07 6.0000001 3.0000001 1e-07 0 2 22 -23 
25 5.9999999 2.9999999 -1e-07 6.0000001 4.0000001 1e-07 0 2 23 -24 
26 4.9999999 3.9999999 -1e-07 6.0000001 4.0000001 1e-07 0 2 24 -25 
27 4.9999999 3.9999999 -1e-07 5.0000001 5.0000001 1e-07 0 2 25 -26 
28 3.9999999 4.9999999 -1e-07 5.0000001 5.0000001 1e-07 0 2 26 -27 
29 3.9999999 3.9999999 -1e-07 4.0000001 5.0000001 1e-07 0 2 27 -28 
30 2.9999999 3.9999999 -1e-07 4.0000001 4.0000001 1e-07 0 2 28 -29 
31 2.9999999 3.9999999 -1e-07 3.0000001 5.0000001 1e-07 0 2 29 -30 
32 1.9999999 4.9999999 -1e-07 3.0000001 5.0000001 1e-07 0 2 30 -13 
33 0.9999999000000001 4.9999999 -1e-07 2.0000001 5.0000001 1e-07 0 2 31 -13 
34 1.9999999 4.9999999 -1e-07 2.0000001 6.0000001 1e-07 0 2 13 -32 
35 0.9999999000000001 5.9999999 -1e-07 2.0000001 6.0000001 1e-07 0 2 32 -33 
36 0.9999999000000001 4.9999999 -1e-07 1.0000001 6.0000001 1e-07 0 2 33 -31 
37 4.9999999 4.9999999 -1e-07 6.0000001 5.0000001 1e-07 0 2 26 -34 
38 5.9999999 4.9999999 -1e-07 6.0000001 6.0000001 1e-07 0 2 34 -35 
39 4.9999999 5.9999999 -1e-07 6.0000001 6.0000001 1e-07 0 2 35 -36 
40 4.9999999 4.9999999 -1e-07 5.0000001 6.0000001 1e-07 0 2 36 -26 
41 1.9999999 3.9999999 -1e-07 3.0000001 4.0000001 1e-07 0 2 14 -29 
42 2.9999999 2.9999999 -1e-07 3.0000001 4.0000001 1e-07 0 2 29 -37 
43 1.9999999 2.9999999 -1e-07 3.0000001 3.0000001 1e-07 0 2 37 -17 
44 1.9999999 2.9999999 -1e-07 2.0000001 4.0000001 1e-07 0 2 17 -14 
45 3.9999999 3.9999999 -1e-07 5.0000001 4.0000001 1e-07 0 2 28 -25 
46 4.9999999 2.9999999 -1e-07 5.0000001 4.0000001 1e-07 0 2 25 -22 
47 3.9999999 2.9999999 -1e-07 5.0000001 3.0000001 1e-07 0 2 22 -38 
48 3.9999999 2.9999999 -1e-07 4.0000001 4.0000001 1e-07 0 2 38 -28 
49 2.9999999 2.9999999 -1e-07 4.0000001 3.0000001 1e-07 0 2 37 -38 
50 3.9999999 1.9999999 -1e-07 4.0000001 3.0000001 1e-07 0 2 38 -21 
51 2.9999999 1.9999999 -1e-07 4.0000001 2.0000001 1e-07 0 2 21 -18 
52 2.9999999 1.9999999 -1e-07 3.0000001 3.0000001 1e-07 0 2 18 -37 
2 0.9999999000000001 4.9999999 -1e-07 2.0000001 6.0000001 1e-07 11 1 2 3 4 5 6 7 8 9 10 11 4 36 33 34 35 
3 4.9999999 4.9999999 -1e-07 6.0000001 6.0000001 1e-07 10 2 3 4 5 6 7 8 9 10 11 4 40 37 38 39 
4 1.9999999 3.9999999 -1e-07 3.0000001 5.0000001 1e-07 9 3 4 5 6 7 8 9 10 11 4 32 13 41 31 
5 3.9999999 3.9999999 -1e-07 5.0000001 5.0000001 1e-07 8 4 5 6 7 8 9 10 11 4 29 45 27 28 
6 0.9999999000000001 2.9999999 -1e-07 2.0000001 4.0000001 1e-07 7 5 6 7 8 9 10 11 4 44 14 15 16 
7 4.9999999 2.9999999 -1e-07 6.0000001 4.0000001 1e-07 6 6 7 8 9 10 11 4 26 46 24 25 
8 1.9999999 1.9999999 -1e-07 3.0000001 3.0000001 1e-07 5 7 8 9 10 11 4 43 17 18 52 
9 3.9999999 1.9999999 -1e-07 5.0000001 3.0000001 1e-07 4 8 9 10 11 4 47 50 22 23 
10 0.9999999000000001 0.9999999000000001 -1e-07 2.0000001 2.0000001 1e-07 3 9 10 11 4 8 5 6 7 
11 2.9999999 0.9999999000000001 -1e-07 4.0000001 2.0000001 1e-07 2 10 11 4 51 19 20 21 
12 4.9999999 0.9999999000000001 -1e-07 6.0000001 2.0000001 1e-07 1 11 4 12 9 10 11 
13 2.9999999 2.9999999 -1e-07 4.0000001 4.0000001 1e-07 1 12 4 30 42 49 48 
14 -9.999999983634211e-08 -9.999999983634211e-08 -1e-07 7.0000001 7.0000001 1e-07 1 13 40 1 3 4 2 -5 -8 -7 -6 -9 -12 -11 -10 -13 -32 -31 -30 -29 -28 -27 -26 -25 -24 -23 -22 -21 -20 -19 -18 -17 -16 -15 -14 -33 -36 -35 -34 -37 -40 -39 -38 
15 1.9999999 2.9999999 -1e-07 3.0000001 4.0000001 1e-07 1 13 4 -41 -44 -43 -42 
16 3.9999999 2.9999999 -1e-07 5.0000001 4.0000001 1e-07 1 13 4 -45 -48 -47 -46 
17 2.9999999 1.9999999 -1e-07 4.0000001 3.0000001 1e-07 1 13 4 -49 -52 -51 -50 
$EndEntities
$Nodes
106 3741 1 3741
0 1 0 1
1
0 0 0
0 2 0 1
2
7 0 0
0 3 0 1
3
0 7 0
0 4 0 1
4
7 7 0
0 5 0 1
5
2 2 0
0 6 0 1
6
1 2 0
0 7 0 1
7
1 1 0
0 8 0 1
8
2 1 0
0 9 0 1
9
5 2 0
0 10 0 1
10
5 1 0
0 11 0 1
11
6 1 0
0 12 0 1
12
6 2 0
0 13 0 1
13
2 5 0
0 14 0 1
14
2 4 0
0 15 0 1
15
1 4 0
0 16 0 1
16
1 3 0
0 17 0 1
17
2 3 0
0 18 0 1
18
3 2 0
0 19 0 1
19
3 1 0
0 20 0 1
20
4 1 0
0 21 0 1
21
4 2 0
0 22 0 1
22
5 3 0
0 23 0 1
23
6 3 0
0 24 0 1
24
6 4 0
0 25 0 1
25
5 4 0
0 26 0 1
26
5 5 0
0 27 0 1
27
4 5 0
0 28 0 1
28
4 4 0
0 29 0 1
29
3 4 0
0 30 0 1
30
3 5 0
0 31 0 1
31
1 5 0
0 32 0 1
32
2 6 0
0 33 0 1
33
1 6 0
0 34 0 1
34
6 5 0
0 35 0 1
35
6 6 0
0 36 0 1
36
5 6 0
0 37 0 1
37
3 3 0
0 38 0 1
38
4 3 0
1 1 0 49
39
40
41
42
43
44
45
46
47
48
49
50
51
52
53
54
55
56
57
58
59
60
61
62
63
64
65
66
67
68
69
70
71
72
73
74
75
76
77
78
79
80
81
82
83
84
85
86
87
0.14 0 0
0.28 0 0
0.42 0 0
0.5600000000000001 0 0
0.7 0 0
0.84 0 0
0.98 0 0
1.12 0 0
1.26 0 0
1.4 0 0
1.54 0 0
1.68 0 0
1.82 0 0
1.96 0 0
2.1 0 0
2.24 0 0
2.38 0 0
2.52 0 0
2.66 0 0
2.8 0 0
2.94 0 0
3.08 0 0
3.22 0 0
3.36 0 0
3.5 0 0
3.64 0 0
3.78 0 0
3.92 0 0
4.06 0 0
4.2 0 0
4.34 0 0
4.48 0 0
4.62 0 0
4.76 0 0
4.9 0 0
5.04 0 0
5.18 0 0
5.32 0 0
5.46 0 0
5.6 0 0
5.74 0 0
5.88 0 0
6.02 0 0
6.16 0 0
6.3 0 0
6.44 0 0
6.58 0 0
6.72 0 0
6.86 0 0
1 2 0 49
88
89
90
91
92
93
94
95
96
97
98
99
100
101
102
103
104
105
106
107
108
109
110
111
112
113
114
115
116
117
118
119
120
121
122
123
124
125
126
127
128
129
130
131
132
133
134
135
136
0 6.86 0
0 6.72 0
0 6.58 0
0 6.44 0
0 6.3 0
0 6.16 0
0 6.02 0
0 5.88 0
0 5.74 0
0 5.6 0
0 5.46 0
0 5.32 0
0 5.18 0
0 5.04 0
0 4.9 0
0 4.76 0
0 4.62 0
0 4.48 0
0 4.34 0
0 4.2 0
0 4.06 0
0 3.92 0
0 3.78 0
0 3.64 0
0 3.5 0
0 3.36 0
0 3.22 0
0 3.08 0
0 2.94 0
0 2.8 0
0 2.66 0
0 2.52 0
0 2.38 0
0 2.24 0
0 2.1 0
0 1.96 0
0 1.82 0
0 1.68 0
0 1.54 0
0 1.4 0
0 1.26 0
0 1.12 0
0 0.9800000000000004 0
0 0.8399999999999999 0
0 0.7000000000000002 0
0 0.5599999999999996 0
0 0.4199999999999999 0
0 0.2800000000000002 0
0 0.1399999999999997 0
1 3 0 49
137
138
139
140
141
142
143
144
145
146
147
148
149
150
151
152
153
154
155
156
157
158
159
160
161
162
163
164
165
166
167
168
169
170
171
172
173
174
175
176
177
178
179
180
181
182
183
184
185
7 0.14 0
7 0.28 0
7 0.42 0
7 0.5600000000000001 0
7 0.7 0
7 0.84 0
7 0.98 0
7 1.12 0
7 1.26 0
7 1.4 0
7 1.54 0
7 1.68 0
7 1.82 0
7 1.96 0
7 2.1 0
7 2.24 0
7 2.38 0
7 2.52 0
7 2.66 0
7 2.8 0
7 2.94 0
7 3.08 0
7 3.22 0
7 3.36 0
7 3.5 0
7 3.64 0
7 3.78 0
7 3.92 0
7 4.06 0
7 4.2 0
7 4.34 0
7 4.48 0
7 4.62 0
7 4.76 0
7 4.9 0
7 5.04 0
7 5.18 0
7 5.32 0
7 5.46 0
7 5.6 0
7 5.74 0
7 5.88 0
7 6.02 0
7 6.16 0
7 6.3 0
7 6.44 0
7 6.58 0
7 6.72 0
7 6.86 0
1 4 0 49
186
187
188
189
190
191
192
193
194
195
196
197
198
199
200
201
202
203
204
205
206
207
208
209
210
211
212
213
214
215
216
217
218
219
220
221
222
223
224
225
226
227
228
229
230
231
232
233
234
6.86 7 0
6.72 7 0
6.58 7 0
6.44 7 0
6.3 7 0
6.16 7 0
6.02 7 0
5.88 7 0
5.74 7 0
5.6 7 0
5.46 7 0
5.32 7 0
5.18 7 0
5.04 7 0
4.9 7 0
4.76 7 0
4.62 7 0
4.48 7 0
4.34 7 0
4.2 7 0
4.06 7 0
3.92 7 0
3.78 7 0
3.64 7 0
3.5 7 0
3.36 7 0
3.22 7 0
3.08 7 0
2.94 7 0
2.8 7 0
2.66 7 0
2.52 7 0
2.38 7 0
2.24 7 0
2.1 7 0
1.96 7 0
1.82 7 0
1.68 7 0
1.54 7 0
1.4 7 0
1.26 7 0
1.12 7 0
0.9800000000000004 7 0
0.8399999999999999 7 0
0.7000000000000002 7 0
0.5599999999999996 7 0
0.4199999999999999 7 0
0.2800000000000002 7 0
0.1399999999999997 7 0
1 5 0 7
235
236
237
238
239
240
241
1.875 2 0
1.75 2 0
1.625000000000001 2 0
1.500000000000001 2 0
1.375000000000001 2 0
1.250000000000001 2 0
1.125 2 0
1 6 0 7
242
243
244
245
246
247
248
1 1.875 0
1 1.75 0
1 1.625000000000001 0
1 1.500000000000001 0
1 1.375000000000001 0
1 1.250000000000001 0
1 1.125 0
1 7 0 7
249
250
251
252
253
254
255
1.125 1 0
1.25 1 0
1.374999999999999 1 0
1.499999999999999 1 0
1.624999999999999 1 0
1.749999999999999 1 0
1.875 1 0
1 8 0 7
256
257
258
259
260
261
262
2 1.125 0
2 1.25 0
2 1.374999999999999 0
2 1.499999999999999 0
2 1.624999999999999 0
2 1.749999999999999 0
2 1.875 0
1 9 0 7
263
264
265
266
267
268
269
5 1.875 0
5 1.75 0
5 1.625000000000001 0
5 1.500000000000001 0
5 1.375000000000001 0
5 1.250000000000001 0
5 1.125 0
1 10 0 7
270
271
272
273
274
275
276
5.125 1 0
5.25 1 0
5.374999999999999 1 0
5.499999999999999 1 0
5.624999999999999 1 0
5.749999999999999 1 0
5.875 1 0
1 11 0 7
277
278
279
280
281
282
283
6 1.125 0
6 1.25 0
6 1.374999999999999 0
6 1.499999999999999 0
6 1.624999999999999 0
6 1.749999999999999 0
6 1.875 0
1 12 0 7
284
285
286
287
288
289
290
5.875 2 0
5.75 2 0
5.625000000000001 2 0
5.500000000000001 2 0
5.375000000000001 2 0
5.250000000000001 2 0
5.125 2 0
1 13 0 7
291
292
293
294
295
296
297
2 4.875 0
2 4.75 0
2 4.625000000000001 0
2 4.500000000000001 0
2 4.375000000000001 0
2 4.250000000000001 0
2 4.125 0
1 14 0 7
298
299
300
301
302
303
304
1.875 4 0
1.75 4 0
1.625000000000001 4 0
1.500000000000001 4 0
1.375000000000001 4 0
1.250000000000001 4 0
1.125 4 0
1 15 0 7
305
306
307
308
309
310
311
1 3.875 0
1 3.75 0
1 3.625000000000001 0
1 3.500000000000001 0
1 3.375000000000001 0
1 3.250000000000001 0
1 3.125 0
1 16 0 7
312
313
314
315
316
317
318
1.125 3 0
1.25 3 0
1.374999999999999 3 0
1.499999999999999 3 0
1.624999999999999 3 0
1.749999999999999 3 0
1.875 3 0
1 17 0 7
319
320
321
322
323
324
325
2 2.875 0
2 2.75 0
2 2.625000000000001 0
2 2.500000000000001 0
2 2.375000000000001 0
2 2.250000000000001 0
2 2.125 0
1 18 0 7
326
327
328
329
330
331
332
2.125 2 0
2.25 2 0
2.374999999999999 2 0
2.499999999999999 2 0
2.624999999999999 2 0
2.749999999999999 2 0
2.875 2 0
1 19 0 7
333
334
335
336
337
338
339
3 1.875 0
3 1.75 0
3 1.625000000000001 0
3 1.500000000000001 0
3 1.375000000000001 0
3 1.250000000000001 0
3 1.125 0
1 20 0 7
340
341
342
343
344
345
346
3.125 1 0
3.25 1 0
3.374999999999999 1 0
3.499999999999999 1 0
3.624999999999999 1 0
3.749999999999999 1 0
3.875 1 0
1 21 0 7
347
348
349
350
351
352
353
4 1.125 0
4 1.25 0
4 1.374999999999999 0
4 1.499999999999999 0
4 1.624999999999999 0
4 1.749999999999999 0
4 1.875 0
1 22 0 7
354
355
356
357
358
359
360
4.125 2 0
4.25 2 0
4.374999999999999 2 0
4.499999999999999 2 0
4.624999999999999 2 0
4.749999999999999 2 0
4.875 2 0
1 23 0 7
361
362
363
364
365
366
367
5 2.125 0
5 2.25 0
5 2.374999999999999 0
5 2.499999999999999 0
5 2.624999999999999 0
5 2.749999999999999 0
5 2.875 0
1 24 0 7
368
369
370
371
372
373
374
5.125 3 0
5.25 3 0
5.374999999999999 3 0
5.499999999999999 3 0
5.624999999999999 3 0
5.749999999999999 3 0
5.875 3 0
1 25 0 7
375
376
377
378
379
380
381
6 3.125 0
6 3.25 0
6 3.374999999999999 0
6 3.499999999999999 0
6 3.624999999999999 0
6 3.749999999999999 0
6 3.875 0
1 26 0 7
382
383
384
385
386
387
388
5.875 4 0
5.75 4 0
5.625000000000001 4 0
5.500000000000001 4 0
5.375000000000001 4 0
5.250000000000001 4 0
5.125 4 0
1 27 0 7
389
390
391
392
393
394
395
5 4.125 0
5 4.25 0
5 4.374999999999999 0
5 4.499999999999999 0
5 4.624999999999999 0
5 4.749999999999999 0
5 4.875 0
1 28 0 7
396
397
398
399
400
401
402
4.875 5 0
4.75 5 0
4.625000000000001 5 0
4.500000000000001 5 0
4.375000000000001 5 0
4.250000000000001 5 0
4.125 5 0
1 29 0 7
403
404
405
406
407
408
409
4 4.875 0
4 4.75 0
4 4.625000000000001 0
4 4.500000000000001 0
4 4.375000000000001 0
4 4.250000000000001 0
4 4.125 0
1 30 0 7
410
411
412
413
414
415
416
3.875 4 0
3.75 4 0
3.625000000000001 4 0
3.500000000000001 4 0
3.375000000000001 4 0
3.250000000000001 4 0
3.125 4 0
1 31 0 7
417
418
419
420
421
422
423
3 4.125 0
3 4.25 0
3 4.374999999999999 0
3 4.499999999999999 0
3 4.624999999999999 0
3 4.749999999999999 0
3 4.875 0
1 32 0 7
424
425
426
427
428
429
430
2.875 5 0
2.75 5 0
2.625000000000001 5 0
2.500000000000001 5 0
2.375000000000001 5 0
2.250000000000001 5 0
2.125 5 0
1 33 0 7
431
432
433
434
435
436
437
1.125 5 0
1.25 5 0
1.374999999999999 5 0
1.499999999999999 5 0
1.624999999999999 5 0
1.749999999999999 5 0
1.875 5 0
1 34 0 7
438
439
440
441
442
443
444
2 5.125 0
2 5.25 0
2 5.374999999999999 0
2 5.499999999999999 0
2 5.624999999999999 0
2 5.749999999999999 0
2 5.875 0
1 35 0 7
445
446
447
448
449
450
451
1.875 6 0
1.75 6 0
1.625000000000001 6 0
1.500000000000001 6 0
1.375000000000001 6 0
1.250000000000001 6 0
1.125 6 0
1 36 0 7
452
453
454
455
456
457
458
1 5.875 0
1 5.75 0
1 5.625000000000001 0
1 5.500000000000001 0
1 5.375000000000001 0
1 5.250000000000001 0
1 5.125 0
1 37 0 7
459
460
461
462
463
464
465
5.125 5 0
5.25 5 0
5.374999999999999 5 0
5.499999999999999 5 0
5.624999999999999 5 0
5.749999999999999 5 0
5.875 5 0
1 38 0 7
466
467
468
469
470
471
472
6 5.125 0
6 5.25 0
6 5.374999999999999 0
6 5.499999999999999 0
6 5.624999999999999 0
6 5.749999999999999 0
6 5.875 0
1 39 0 7
473
474
475
476
477
478
479
5.875 6 0
5.75 6 0
5.625000000000001 6 0
5.500000000000001 6 0
5.375000000000001 6 0
5.250000000000001 6 0
5.125 6 0
1 40 0 7
480
481
482
483
484
485
486
5 5.875 0
5 5.75 0
5 5.625000000000001 0
5 5.500000000000001 0
5 5.375000000000001 0
5 5.250000000000001 0
5 5.125 0
1 41 0 7
487
488
489
490
491
492
493
2.125 4 0
2.25 4 0
2.374999999999999 4 0
2.499999999999999 4 0
2.624999999999999 4 0
2.749999999999999 4 0
2.875 4 0
1 42 0 7
494
495
496
497
498
499
500
3 3.875 0
3 3.75 0
3 3.625000000000001 0
3 3.500000000000001 0
3 3.375000000000001 0
3 3.250000000000001 0
3 3.125 0
1 43 0 7
501
502
503
504
505
506
507
2.875 3 0
2.75 3 0
2.625000000000001 3 0
2.500000000000001 3 0
2.375000000000001 3 0
2.250000000000001 3 0
2.125 3 0
1 44 0 7
508
509
510
511
512
513
514
2 3.125 0
2 3.25 0
2 3.374999999999999 0
2 3.499999999999999 0
2 3.624999999999999 0
2 3.749999999999999 0
2 3.875 0
1 45 0 7
515
516
517
518
519
520
521
4.125 4 0
4.25 4 0
4.374999999999999 4 0
4.499999999999999 4 0
4.624999999999999 4 0
4.749999999999999 4 0
4.875 4 0
1 46 0 7
522
523
524
525
526
527
528
5 3.875 0
5 3.75 0
5 3.625000000000001 0
5 3.500000000000001 0
5 3.375000000000001 0
5 3.250000000000001 0
5 3.125 0
1 47 0 7
529
530
531
532
533
534
535
4.875 3 0
4.75 3 0
4.625000000000001 3 0
4.500000000000001 3 0
4.375000000000001 3 0
4.250000000000001 3 0
4.125 3 0
1 48 0 7
536
537
538
539
540
541
542
4 3.125 0
4 3.25 0
4 3.374999999999999 0
4 3.499999999999999 0
4 3.624999999999999 0
4 3.749999999999999 0
4 3.875 0
1 49 0 7
543
544
545
546
547
548
549
3.125 3 0
3.25 3 0
3.374999999999999 3 0
3.499999999999999 3 0
3.624999999999999 3 0
3.749999999999999 3 0
3.875 3 0
1 50 0 7
550
551
552
553
554
555
556
4 2.875 0
4 2.75 0
4 2.625000000000001 0
4 2.500000000000001 0
4 2.375000000000001 0
4 2.250000000000001 0
4 2.125 0
1 51 0 7
557
558
559
560
561
562
563
3.875 2 0
3.75 2 0
3.625000000000001 2 0
3.500000000000001 2 0
3.375000000000001 2 0
3.250000000000001 2 0
3.125 2 0
1 52 0 7
564
565
566
567
568
569
570
3 2.125 0
3 2.25 0
3 2.374999999999999 0
3 2.499999999999999 0
3 2.624999999999999 0
3 2.749999999999999 0
3 2.875 0
2 2 0 66
571
572
573
574
575
576
577
578
579
580
581
582
583
584
585
586
587
588
589
590
591
592
593
594
595
596
597
598
599
600
601
602
603
604
605
606
607
608
609
610
611
612
613
614
615
616
617
618
619
620
621
622
623
624
625
626
627
628
629
630
631
632
633
634
635
636
1.571487698847636 5.112424381024613 0
1.435905136893775 5.889275060824215 0
1.891746824526945 5.562499999999999 0
1.108253175473055 5.437500000000002 0
1.895506813913563 5.312810865984803 0
1.107015042609643 5.690108146436346 0
1.301659293161675 5.112037015619428 0
1.669225973923018 5.881737314898203 0
1.891746824526945 5.812499999999998 0
1.105846505631979 5.18802967116011 0
1.81309064237646 5.120769536763687 0
1.203342065597673 5.890514807811286 0
1.107852063832875 5.312588278526686 0
1.216439499006079 5.375014713087781 0
1.216495208956105 5.500002452181297 0
1.324746527430825 5.43750286087818 0
1.32360941218577 5.564336883126304 0
1.432818849688597 5.500306624000745 0
1.432978226693558 5.375051580813151 0
1.541227822798227 5.437559700802311 0
1.541227226236832 5.562561054133838 0
1.649519052838329 5.499999999999992 0
1.649512710410487 5.375009950133712 0
1.649512610983593 5.625010175688965 0
1.541258361868084 5.687511871637131 0
1.757772228311382 5.437499999999991 0
1.649519052838339 5.749999999999991 0
1.752368379589864 5.686675245155955 0
1.752323075658705 5.313381159976354 0
1.640213786075656 5.232938642304664 0
1.544992574918324 5.812413992017176 0
1.433012701892229 5.749999999999998 0
1.323214048052193 5.822126780627867 0
1.317882981997131 5.698515985698348 0
1.213123246690028 5.762431805832112 0
1.541265877365273 5.312499999999993 0
1.433871735923308 5.254266575782894 0
1.214999322640762 5.628320865866001 0
1.226786613725103 5.230591228091074 0
1.107925044144631 5.563206126724245 0
1.69045144372616 5.110345485184719 0
1.43163492231144 5.627205403099394 0
1.435535073284925 5.128003238691157 0
1.891746824526946 5.4375 0
1.891746824526946 5.687499999999998 0
1.324759526419162 5.312500000000002 0
1.757772228311385 5.562499999999988 0
1.806637993160525 5.896584216942784 0
1.186370261329508 5.103985504511686 0
1.907074351326529 5.191853721181388 0
1.10282691355943 5.808866643871495 0
1.744286790090449 5.20569407952463 0
1.749926650467078 5.798911060558887 0
1.5625 5.915464298762487 0
1.524474834299359 5.208026567560664 0
1.339194593712862 5.20879267669025 0
1.312500000000001 5.922662445474199 0
1.09150635094611 5.091506350946109 0
1.908493649053891 5.90849364905389 0
1.90849364905389 5.09150635094611 0
1.091506350946109 5.908493649053892 0
1.824759526419167 5.375 0
1.824759526419164 5.499999999999994 0
1.824759526419161 5.624999999999986 0
1.824693032876743 5.739838652020031 0
1.825355002615264 5.251035573393724 0
2 3 0 66
637
638
639
640
641
642
643
644
645
646
647
648
649
650
651
652
653
654
655
656
657
658
659
660
661
662
663
664
665
666
667
668
669
670
671
672
673
674
675
676
677
678
679
680
681
682
683
684
685
686
687
688
689
690
691
692
693
694
695
696
697
698
699
700
701
702
5.112424381024613 5.428512301152364 0
5.889275060824216 5.564094863106224 0
5.562499999999999 5.108253175473055 0
5.437500000000001 5.891746824526946 0
5.312810865984802 5.104493186086438 0
5.881737314898204 5.330774026076982 0
5.690144006135376 5.89296425378347 0
5.112037015619428 5.698340706838323 0
5.812499999999998 5.108253175473055 0
5.890514807811286 5.796657934402327 0
5.18802967116011 5.894153494368021 0
5.120769536763687 5.18690935762354 0
5.312588278526686 5.892147936167125 0
5.375014713087781 5.783560500993921 0
5.500038311880326 5.783484087437007 0
5.437508837494684 5.675250021968027 0
5.564379715544589 5.676365858506003 0
5.500314758839877 5.56717645365984 0
5.375053932722425 5.567020415430989 0
5.437561448593713 5.458771168113937 0
5.562562701238928 5.458771822806601 0
5.499999999999993 5.35048094716167 0
5.37501024143228 5.350487121408207 0
5.62501045020648 5.350487230523646 0
5.687512191907566 5.458741453223695 0
5.437499999999992 5.242227771688617 0
5.749999999999991 5.35048094716166 0
5.686675261829761 5.247631610783509 0
5.313381177669414 5.247676914126201 0
5.232938686446325 5.359786188439143 0
5.812414019251058 5.455007409358187 0
5.750000000000002 5.56698729810777 0
5.822126780627869 5.676785951947807 0
5.698515985698347 5.682117018002865 0
5.764404317706922 5.786473502473383 0
5.627214225538218 5.568359984051129 0
5.627654902054763 5.784469340699493 0
5.230591228091074 5.773213386274897 0
5.312499999999996 5.458734122634725 0
5.254266967767773 5.566128037764114 0
5.110345490439679 5.309548553239887 0
5.128003294688997 5.564464894384704 0
5.4375 5.108253175473054 0
5.687499999999998 5.108253175473054 0
5.562731553695963 5.891841557593258 0
5.312500000000001 5.675240473580837 0
5.562499999999989 5.242227771688619 0
5.896584216942784 5.193362006839475 0
5.103985504511686 5.813629738670492 0
5.191853721181387 5.09292564867347 0
5.808866643871497 5.897173086440572 0
5.205694092942566 5.255713202162701 0
5.798911060558888 5.250073349532922 0
5.915464298762487 5.4375 0
5.208026665985541 5.47552510887501 0
5.208792700012966 5.660805392821755 0
5.922662445474201 5.6875 0
5.091506350946111 5.091506350946111 0
5.90849364905389 5.091506350946109 0
5.908493649053893 5.908493649053892 0
5.091506350946109 5.90849364905389 0
5.374999999999989 5.175240473580842 0
5.499999999999996 5.175240473580834 0
5.624999999999997 5.175240473580827 0
5.739838653235322 5.175306966421607 0
5.251035573393724 5.174644997384735 0
2 4 0 66
703
704
705
706
707
708
709
710
711
712
713
714
715
716
717
718
719
720
721
722
723
724
725
726
727
728
729
730
731
732
733
734
735
736
737
738
739
740
741
742
743
744
745
746
747
748
749
750
751
752
753
754
755
756
757
758
759
760
761
762
763
764
765
766
767
768
2.564094863106229 4.11072493917578 0
2.428512301152361 4.887575618975383 0
2.108253175473055 4.437500000000002 0
2.891746824526945 4.562499999999999 0
2.104493186086437 4.687189134015197 0
2.892984957390361 4.309891853563648 0
2.330774026076989 4.118262685101791 0
2.698340706838323 4.887962984380572 0
2.108253175473055 4.187500000000001 0
2.894153494368021 4.81197032883989 0
2.18690935762354 4.879230463236312 0
2.796657934402331 4.109485192188707 0
2.892147936167125 4.687411721473314 0
2.78356050099392 4.624985286912218 0
2.783504791043895 4.499997547818703 0
2.675253472569175 4.562497139121819 0
2.676390587814235 4.435663116873693 0
2.567181150311404 4.499693375999251 0
2.567021773306441 4.624948419186843 0
2.458772177201773 4.56244029919768 0
2.458772773763172 4.437438945866154 0
2.350480947161672 4.499999999999997 0
2.350487289589513 4.624990049866277 0
2.350487389016413 4.374989824311024 0
2.458741638131925 4.312488128362862 0
2.242227771688617 4.562499999999997 0
2.350480947161673 4.249999999999998 0
2.247631620410145 4.313324754844029 0
2.247676924341293 4.686618840023637 0
2.359786213924341 4.767061357695329 0
2.455007425081686 4.187586007982818 0
2.566987298107782 4.249999999999999 0
2.676785951947814 4.177873219372121 0
2.682117018002884 4.301484014301639 0
2.786876753309981 4.237568194167872 0
2.773213386274895 4.769408771908926 0
2.675240473580833 4.687499999999999 0
2.566128264076687 4.745733424217102 0
2.309548556273839 4.889654514815279 0
2.785000677359243 4.371679134133994 0
2.108253175473055 4.312500000000002 0
2.568365077688567 4.3727945969006 0
2.242227771688617 4.437499999999998 0
2.108253175473055 4.562500000000001 0
2.892074955855371 4.436793873275755 0
2.56446492671507 4.871996761308841 0
2.458734122634726 4.687499999999996 0
2.193362006839476 4.103415783057214 0
2.813629738670492 4.896014495488314 0
2.09292564867347 4.808146278818612 0
2.897173086440582 4.191133356128487 0
2.255713209909549 4.794305920475367 0
2.25007334953294 4.201088939441098 0
2.475525165700637 4.79197343243933 0
2.437499999999999 4.084535701237511 0
2.660805406287127 4.791207323309751 0
2.687499999999999 4.077337554525793 0
2.091506350946109 4.09150635094611 0
2.09150635094611 4.908493649053891 0
2.90849364905389 4.09150635094611 0
2.908493649053891 4.90849364905389 0
2.175240473580836 4.499999999999999 0
2.175240473580838 4.374999999999997 0
2.175240473580834 4.625 0
2.175306967123269 4.260161347979966 0
2.174644997384733 4.748964426606275 0
2 5 0 66
769
770
771
772
773
774
775
776
777
778
779
780
781
782
783
784
785
786
787
788
789
790
791
792
793
794
795
796
797
798
799
800
801
802
803
804
805
806
807
808
809
810
811
812
813
814
815
816
817
818
819
820
821
822
823
824
825
826
827
828
829
830
831
832
833
834
4.562499999999999 4.108253175473055 0
4.437500000000002 4.891746824526945 0
4.878740859047477 4.568878829633386 0
4.110724939175782 4.435905136893773 0
4.891746824526946 4.3125 0
4.687189134015198 4.895506813913563 0
4.118262685101794 4.669225973923014 0
4.309891853563649 4.107015042609641 0
4.879230463236313 4.813090642376459 0
4.187500000000001 4.891746824526945 0
4.10948519218871 4.203342065597671 0
4.81197032883989 4.105846505631979 0
4.687411721473314 4.107852063832875 0
4.622238267877905 4.21485350682715 0
4.499539711312984 4.216230876926283 0
4.559215977497502 4.32285214788377 0
4.435039950518688 4.323249626922955 0
4.499511558504778 4.432722117025587 0
4.61305714192526 4.432700821291465 0
4.556989618252143 4.543150684480658 0
4.436500196126155 4.5415315810734 0
4.498914969063052 4.649877471308914 0
4.620462266066336 4.651878141795937 0
4.374873370091669 4.649556961133928 0
4.312312261036305 4.541316479365897 0
4.562500000000004 4.757772228311383 0
4.250000000000003 4.649519052838333 0
4.313317681579982 4.752371073355065 0
4.685881360403853 4.750344556722247 0
4.755813845157046 4.642263876182228 0
4.18757105327818 4.544997516882419 0
4.250000000000001 4.433012701892223 0
4.177873219372126 4.323214048052189 0
4.301484014301646 4.317882981997123 0
4.237568194167879 4.213123246690023 0
4.371550443317243 4.214925022963065 0
4.764667250201037 4.229066006106814 0
4.562500000000001 4.891746824526946 0
4.891746824526945 4.6875 0
4.777422641196527 4.526552783588838 0
4.862876946196046 4.438201752818052 0
4.781907465478099 4.345191071774813 0
4.312500000000002 4.891746824526945 0
4.437500000000004 4.757772228311385 0
4.436724048594509 4.107884730846116 0
4.372474663414596 4.431619248046197 0
4.895900485778609 4.187932177903321 0
4.808146278818613 4.907074351326529 0
4.103415783057214 4.806637993160525 0
4.191133356128493 4.102826913559422 0
4.792327383986087 4.74371081557924 0
4.201088939441103 4.749926650467067 0
4.673926662060057 4.322398857394404 0
4.084535701237511 4.562500000000002 0
4.671840423222431 4.542275664190791 0
4.077337554525797 4.312500000000001 0
4.09150635094611 4.908493649053891 0
4.09150635094611 4.09150635094611 0
4.90849364905389 4.091506350946109 0
4.908493649053891 4.90849364905389 0
4.73017188001307 4.434553491843061 0
4.625 4.824759526419166 0
4.500000000000002 4.824759526419166 0
4.375000000000004 4.824759526419165 0
4.26016083243594 4.824693229215308 0
4.748964426606276 4.825355002615265 0
2 6 0 66
835
836
837
838
839
840
841
842
843
844
845
846
847
848
849
850
851
852
853
854
855
856
857
858
859
860
861
862
863
864
865
866
867
868
869
870
871
872
873
874
875
876
877
878
879
880
881
882
883
884
885
886
887
888
889
890
891
892
893
894
895
896
897
898
899
900
1.437500000000001 3.891746824526946 0
1.112424381024615 3.428512301152362 0
1.562499999999999 3.108253175473055 0
1.889275060824219 3.564094863106228 0
1.881737314898206 3.330774026076987 0
1.112037015619428 3.698340706838323 0
1.690108146436351 3.89298495739036 0
1.312810865984802 3.104493186086437 0
1.812499999999999 3.108253175473055 0
1.18802967116011 3.894153494368021 0
1.120769536763687 3.18690935762354 0
1.890514807811292 3.796657934402329 0
1.562934691072726 3.891953180004181 0
1.500072448512121 3.78352804163343 0
1.37501207475202 3.783499381150482 0
1.437514087210689 3.675247161026858 0
1.564350420236861 3.676393410988771 0
1.500310751241257 3.567180568916775 0
1.37505413974199 3.567020624483618 0
1.437560815163874 3.458771888832199 0
1.562561927734187 3.458772628802472 0
1.499999999999998 3.350480947161674 0
1.375010135860645 3.350487241527918 0
1.625010321289028 3.350487364856297 0
1.687512041503868 3.458741609945121 0
1.4375 3.242227771688619 0
1.749999999999996 3.350480947161671 0
1.686675253999504 3.247631618942692 0
1.313381171257151 3.247676921422101 0
1.232938670448628 3.359786206641373 0
1.812414006461629 3.455007422684846 0
1.750000000000001 3.566987298107779 0
1.822126780627876 3.676785951947812 0
1.698515985698358 3.68211701800288 0
1.762431805832124 3.786876753309978 0
1.628382559260541 3.785028347507017 0
1.312499999999999 3.458734122634728 0
1.254267002271034 3.566128072606218 0
1.316850344530886 3.673011540584449 0
1.110345488535191 3.309548555406819 0
1.687499999999998 3.108253175473056 0
1.128003299618035 3.564464899362147 0
1.627208521069089 3.568365422460633 0
1.4375 3.108253175473055 0
1.312590290985356 3.892148891516557 0
1.231212616470188 3.772886372347696 0
1.562499999999997 3.242227771688623 0
1.896584216942786 3.193362006839475 0
1.104059479318723 3.813590808441063 0
1.191853721181388 3.09292564867347 0
1.808866643871509 3.897173086440579 0
1.205694088079677 3.255713207695714 0
1.798911060558895 3.250073349532933 0
1.915464298762487 3.437499999999999 0
1.208026670672462 3.475525120479365 0
1.208474055701914 3.654966318347767 0
1.922662445474204 3.687499999999999 0
1.091506350946109 3.908493649053892 0
1.90849364905389 3.091506350946111 0
1.90849364905389 3.90849364905389 0
1.091506350946109 3.09150635094611 0
1.499999999999999 3.175240473580837 0
1.374999999999999 3.175240473580834 0
1.624999999999996 3.175240473580835 0
1.739838652664605 3.175306967016307 0
1.251035573393725 3.174644997384735 0
2 7 0 66
901
902
903
904
905
906
907
908
909
910
911
912
913
914
915
916
917
918
919
920
921
922
923
924
925
926
927
928
929
930
931
932
933
934
935
936
937
938
939
940
941
942
943
944
945
946
947
948
949
950
951
952
953
954
955
956
957
958
959
960
961
962
963
964
965
966
5.108253175473054 3.437500000000001 0
5.891746824526945 3.562499999999998 0
5.564094863106234 3.110724939175772 0
5.428512301152358 3.887575618975379 0
5.330774026076996 3.118262685101783 0
5.69834070683832 3.887962984380571 0
5.104493186086437 3.687189134015196 0
5.892964253783479 3.309855993864612 0
5.796657934402335 3.109485192188697 0
5.186909357623535 3.879230463236309 0
5.89415349436802 3.81197032883989 0
5.108253175473055 3.1875 0
5.891929025796147 3.437023472611739 0
5.783503312325204 3.499884719069591 0
5.783495259599106 3.624980786511595 0
5.675242352550256 3.562477584263524 0
5.676367784417751 3.43560519324009 0
5.567175496408838 3.49968046291726 0
5.567018977652857 3.624943007863455 0
5.458770768942415 3.562437245130105 0
5.45877159673619 3.437436284674549 0
5.350480947161675 3.499999999999976 0
5.350487054879617 3.624989540854996 0
5.350487192845257 3.374989380779071 0
5.458741409265578 3.312487610908927 0
5.242227771688617 3.562499999999969 0
5.350480947161689 3.249999999999977 0
5.247631608494999 3.313324727904505 0
5.247676910085341 3.68661880910699 0
5.359786178357786 3.767061280562762 0
5.455007405620275 3.187585963981621 0
5.566987298107797 3.249999999999991 0
5.676785951947823 3.177873219372107 0
5.682117018002903 3.301484014301623 0
5.786473502473404 3.235595682293042 0
5.673152982024916 3.683857769238162 0
5.5657798828751 3.745125483869561 0
5.772848551333334 3.768900421532385 0
5.458734122634722 3.687499999999983 0
5.309548552039722 3.889654505632827 0
5.890374021637901 3.690558589480644 0
5.564415157971983 3.871909912687761 0
5.108253175473055 3.312500000000001 0
5.108253175473054 3.562500000000001 0
5.242227771688624 3.43749999999997 0
5.568360100489842 3.372782261007073 0
5.784486632542117 3.372296748654953 0
5.092925648673466 3.808146278818612 0
5.813586305939353 3.895953977586345 0
5.193362006839477 3.103415783057212 0
5.897173086440596 3.191133356128471 0
5.25571319909822 3.794305897029033 0
5.250073349532961 3.201088939441079 0
5.47544552859839 3.791834459219089 0
5.4375 3.084535701237504 0
5.654907456208731 3.791551314341688 0
5.6875 3.077337554525783 0
5.908493649053892 3.091506350946108 0
5.09150635094611 3.908493649053889 0
5.091506350946109 3.09150635094611 0
5.908493649053891 3.90849364905389 0
5.175240473580857 3.374999999999968 0
5.175240473580851 3.499999999999969 0
5.17524047358085 3.624999999999966 0
5.175306966254833 3.26016134601644 0
5.174644997384717 3.748964426606276 0
2 8 0 66
967
968
969
970
971
972
973
974
975
976
977
978
979
980
981
982
983
984
985
986
987
988
989
990
991
992
993
994
995
996
997
998
999
1000
1001
1002
1003
1004
1005
1006
1007
1008
1009
1010
1011
1012
1013
1014
1015
1016
1017
1018
1019
1020
1021
1022
1023
1024
1025
1026
1027
1028
1029
1030
1031
1032
2.891746824526945 2.562499999999999 0
2.108253175473055 2.437500000000001 0
2.568878829633387 2.121259140952524 0
2.435905136893772 2.889275060824219 0
2.10701504260964 2.690108146436352 0
2.3125 2.108253175473054 0
2.669225973923012 2.881737314898207 0
2.895506813913563 2.312810865984802 0
2.10584650563198 2.18802967116011 0
2.813090642376459 2.120769536763688 0
2.20334206559767 2.890514807811292 0
2.891746824526945 2.8125 0
2.107852063832876 2.312588278526686 0
2.21485350682715 2.377761732122096 0
2.216230876926283 2.500460288687016 0
2.322852147883769 2.440784022502499 0
2.323249626922953 2.564960049481312 0
2.432722117025585 2.500488441495222 0
2.432700821291465 2.38694285807474 0
2.543150684480656 2.443010381747858 0
2.541531581073398 2.563499803873846 0
2.649877471308912 2.501085030936951 0
2.651878141795937 2.379537733933666 0
2.649556961133924 2.625126629908332 0
2.541316479365894 2.687687738963695 0
2.757772228311382 2.4375 0
2.649519052838328 2.749999999999998 0
2.752371073355061 2.68668231842002 0
2.750344556722248 2.314118639596151 0
2.642263876182229 2.244186154842955 0
2.544997516882415 2.812428946721819 0
2.433012701892219 2.749999999999998 0
2.323214048052187 2.822126780627876 0
2.317882981997117 2.698515985698358 0
2.213123246690021 2.762431805832125 0
2.229066006106814 2.235332749798963 0
2.214925022963063 2.628449556682757 0
2.687499999999998 2.108253175473055 0
2.526552783588838 2.222577358803474 0
2.438201752818052 2.137123053803954 0
2.345191071774813 2.218092534521901 0
2.891746824526945 2.687499999999998 0
2.107884730846115 2.563275951405492 0
2.891746824526946 2.437499999999999 0
2.757772228311381 2.562499999999999 0
2.431619248046195 2.627525336585405 0
2.806637993160524 2.896584216942786 0
2.907074351326529 2.191853721181388 0
2.187932177903321 2.10409951422139 0
2.10282691355942 2.80886664387151 0
2.74371081557924 2.207672616013915 0
2.749926650467062 2.798911060558898 0
2.322398857394404 2.326073337939944 0
2.562500000000001 2.915464298762488 0
2.542275664190791 2.328159576777571 0
2.312500000000001 2.922662445474205 0
2.09150635094611 2.908493649053891 0
2.091506350946109 2.09150635094611 0
2.90849364905389 2.091506350946109 0
2.90849364905389 2.90849364905389 0
2.434553491843061 2.269828119986931 0
2.824759526419164 2.624999999999998 0
2.824759526419165 2.374999999999999 0
2.824759526419165 2.499999999999999 0
2.824693229215304 2.73983916756406 0
2.825355002615265 2.251035573393724 0
2 9 0 66
1033
1034
1035
1036
1037
1038
1039
1040
1041
1042
1043
1044
1045
1046
1047
1048
1049
1050
1051
1052
1053
1054
1055
1056
1057
1058
1059
1060
1061
1062
1063
1064
1065
1066
1067
1068
1069
1070
1071
1072
1073
1074
1075
1076
1077
1078
1079
1080
1081
1082
1083
1084
1085
1086
1087
1088
1089
1090
1091
1092
1093
1094
1095
1096
1097
1098
4.11072493917578 2.435905136893772 0
4.887575618975384 2.571487698847638 0
4.562499999999999 2.108253175473055 0
4.437500000000002 2.891746824526945 0
4.687189134015197 2.895506813913563 0
4.309891853563649 2.10701504260964 0
4.887962984380572 2.301659293161677 0
4.118262685101792 2.669225973923012 0
4.81197032883989 2.105846505631979 0
4.187500000000001 2.891746824526945 0
4.879230463236311 2.813090642376461 0
4.109485192188708 2.203342065597671 0
4.687411721473314 2.107852063832876 0
4.624985286912218 2.21643949900608 0
4.499997547818702 2.216495208956105 0
4.562497139121819 2.324746527430825 0
4.435663116873694 2.323609412185767 0
4.499693375999251 2.432818849688597 0
4.624948419186843 2.432978226693559 0
4.562440299197681 2.541227822798227 0
4.437438945866155 2.541227226236829 0
4.499999999999999 2.649519052838329 0
4.624990049866279 2.649512710410488 0
4.374989824311025 2.649512610983588 0
4.312488128362863 2.541258361868077 0
4.562499999999998 2.757772228311383 0
4.25 2.649519052838329 0
4.313324754844031 2.752368379589857 0
4.686618840023637 2.752323075658707 0
4.76706135769533 2.640213786075658 0
4.187586007982818 2.544992574918316 0
4.249999999999999 2.433012701892221 0
4.177873219372123 2.323214048052188 0
4.301484014301642 2.317882981997119 0
4.237568194167876 2.213123246690022 0
4.371679134133995 2.214999322640758 0
4.769408771908925 2.226786613725104 0
4.687499999999998 2.541265877365273 0
4.745733424217104 2.433871735923312 0
4.312500000000002 2.891746824526945 0
4.889654514815279 2.690451443726161 0
4.372794596900601 2.431634922311435 0
4.437499999999999 2.757772228311382 0
4.436793873275755 2.10792504414463 0
4.871996761308841 2.435535073284929 0
4.687499999999998 2.324759526419164 0
4.562500000000001 2.891746824526946 0
4.103415783057214 2.806637993160525 0
4.896014495488314 2.186370261329508 0
4.808146278818612 2.90707435132653 0
4.191133356128491 2.10282691355942 0
4.794305920475367 2.744286790090451 0
4.201088939441101 2.749926650467063 0
4.791973432439331 2.524474834299362 0
4.084535701237511 2.562500000000001 0
4.791207323309751 2.339194593712869 0
4.077337554525794 2.312500000000002 0
4.09150635094611 2.90849364905389 0
4.091506350946109 2.09150635094611 0
4.908493649053891 2.90849364905389 0
4.90849364905389 2.091506350946109 0
4.375000000000002 2.824759526419165 0
4.499999999999999 2.824759526419164 0
4.624999999999997 2.824759526419163 0
4.260161347979967 2.824693032876733 0
4.748964426606275 2.825355002615268 0
2 10 0 66
1099
1100
1101
1102
1103
1104
1105
1106
1107
1108
1109
1110
1111
1112
1113
1114
1115
1116
1117
1118
1119
1120
1121
1122
1123
1124
1125
1126
1127
1128
1129
1130
1131
1132
1133
1134
1135
1136
1137
1138
1139
1140
1141
1142
1143
1144
1145
1146
1147
1148
1149
1150
1151
1152
1153
1154
1155
1156
1157
1158
1159
1160
1161
1162
1163
1164
1.437500000000001 1.891746824526945 0
1.108253175473055 1.437500000000001 0
1.562499999999999 1.108253175473055 0
1.889275060824221 1.564094863106228 0
1.690108146436352 1.89298495739036 0
1.881737314898207 1.330774026076986 0
1.102316632530161 1.680415678588292 0
1.309653106370555 1.116146675925371 0
1.188029671160111 1.894153494368021 0
1.105661943683811 1.187020066727957 0
1.890514807811294 1.79665793440233 0
1.812499999999999 1.108253175473055 0
1.562934691072726 1.891953180004181 0
1.500072448512121 1.78352804163343 0
1.375012074752022 1.78349938115048 0
1.43751408721069 1.675247161026858 0
1.564350420236864 1.676393410988772 0
1.50031075124126 1.567180568916776 0
1.381866103586249 1.566229305415808 0
1.440298467740984 1.457714899395087 0
1.563018203163708 1.458596463896288 0
1.500552778484115 1.350288133498661 0
1.377160866307249 1.349353838085421 0
1.625065049905722 1.350460874736902 0
1.687597208844906 1.458707834107525 0
1.437500000000001 1.242227771688619 0
1.749999999999996 1.350480947161671 0
1.68667857813803 1.247630009970426 0
1.315932807027987 1.242909716496812 0
1.242232367776932 1.358411141883216 0
1.812421248582468 1.455004550589812 0
1.750000000000006 1.566987298107779 0
1.822126780627881 1.676785951947812 0
1.698515985698364 1.682117018002881 0
1.762431805832128 1.786876753309979 0
1.628382559260543 1.785028347507017 0
1.105678205107413 1.561319279764717 0
1.211088100519682 1.500533987997264 0
1.110159723854705 1.30726111455865 0
1.4375 1.108253175473053 0
1.687499999999999 1.108253175473054 0
1.312590290985357 1.892148891516555 0
1.247797597485042 1.794172718690941 0
1.627298761530851 1.56833043233667 0
1.303482879879304 1.675080343182743 0
1.562499999999996 1.242227771688622 0
1.117655663585749 1.802265625062926 0
1.184683772487845 1.104955064812095 0
1.896584216942786 1.193362006839474 0
1.80886664387151 1.897173086440579 0
1.199627173743755 1.616460520921355 0
1.322259193007426 1.462818284074316 0
1.798911060558894 1.250073349532932 0
1.209508306674817 1.224074872545457 0
1.915464298762489 1.4375 0
1.922662445474207 1.687499999999999 0
1.09150635094611 1.908493649053892 0
1.90849364905389 1.90849364905389 0
1.091506350946108 1.091506350946109 0
1.90849364905389 1.091506350946111 0
1.281257831447149 1.567790001255781 0
1.375000000000004 1.175240473580839 0
1.499999999999999 1.175240473580838 0
1.624999999999993 1.17524047358084 0
1.739838894948754 1.175306849744275 0
1.19393939297882 1.713623834739333 0
2 11 0 66
1165
1166
1167
1168
1169
1170
1171
1172
1173
1174
1175
1176
1177
1178
1179
1180
1181
1182
1183
1184
1185
1186
1187
1188
1189
1190
1191
1192
1193
1194
1195
1196
1197
1198
1199
1200
1201
1202
1203
1204
1205
1206
1207
1208
1209
1210
1211
1212
1213
1214
1215
1216
1217
1218
1219
1220
1221
1222
1223
1224
1225
1226
1227
1228
1229
1230
3.108253175473054 1.437500000000001 0
3.571487698847638 1.112424381024615 0
3.891746824526945 1.562499999999999 0
3.435905136893772 1.889275060824219 0
3.669225973923013 1.881737314898206 0
3.301659293161677 1.112037015619428 0
3.10701504260964 1.690108146436351 0
3.895506813913563 1.312810865984802 0
3.891746824526945 1.812499999999999 0
3.105846505631979 1.18802967116011 0
3.81309064237646 1.120769536763687 0
3.203342065597671 1.890514807811292 0
3.108046819995819 1.562934691072726 0
3.21647195836657 1.500072448512121 0
3.216500618849518 1.37501207475202 0
3.324752838973142 1.437514087210689 0
3.323606589011229 1.564350420236861 0
3.432819431083225 1.500310751241257 0
3.432979375516382 1.37505413974199 0
3.541228111167801 1.437560815163874 0
3.541227371197528 1.562561927734187 0
3.649519052838326 1.499999999999998 0
3.649512758472082 1.375010135860645 0
3.649512635143703 1.625010321289028 0
3.541258390054879 1.687512041503868 0
3.757772228311381 1.4375 0
3.649519052838329 1.749999999999996 0
3.752368381057308 1.686675253999504 0
3.752323078577899 1.313381171257151 0
3.640213793358627 1.232938670448628 0
3.544992577315154 1.812414006461629 0
3.433012701892221 1.750000000000001 0
3.323214048052188 1.822126780627876 0
3.31788298199712 1.698515985698358 0
3.213123246690022 1.762431805832124 0
3.214971652492983 1.628382559260541 0
3.541265877365272 1.312499999999999 0
3.433871927393782 1.254267002271034 0
3.326988459415551 1.316850344530886 0
3.690451444593181 1.110345488535191 0
3.891746824526944 1.687499999999998 0
3.435535100637853 1.128003299618035 0
3.431634577539367 1.627208521069089 0
3.891746824526945 1.4375 0
3.107851108483443 1.312590290985356 0
3.227113627652304 1.231212616470188 0
3.757772228311377 1.562499999999997 0
3.806637993160525 1.896584216942786 0
3.186409191558937 1.104059479318723 0
3.90707435132653 1.191853721181388 0
3.102826913559421 1.808866643871509 0
3.744286792304286 1.205694088079677 0
3.749926650467067 1.798911060558895 0
3.562500000000001 1.915464298762487 0
3.524474879520635 1.208026670672462 0
3.345033681652233 1.208474055701914 0
3.312500000000001 1.922662445474204 0
3.091506350946108 1.091506350946109 0
3.908493649053889 1.90849364905389 0
3.09150635094611 1.90849364905389 0
3.90849364905389 1.091506350946109 0
3.824759526419163 1.499999999999999 0
3.824759526419166 1.374999999999999 0
3.824759526419165 1.624999999999996 0
3.824693032983693 1.739838652664605 0
3.825355002615265 1.251035573393725 0
2 12 0 66
1231
1232
1233
1234
1235
1236
1237
1238
1239
1240
1241
1242
1243
1244
1245
1246
1247
1248
1249
1250
1251
1252
1253
1254
1255
1256
1257
1258
1259
1260
1261
1262
1263
1264
1265
1266
1267
1268
1269
1270
1271
1272
1273
1274
1275
1276
1277
1278
1279
1280
1281
1282
1283
1284
1285
1286
1287
1288
1289
1290
1291
1292
1293
1294
1295
1296
5.108253175473054 1.437500000000001 0
5.562499999999999 1.108253175473055 0
5.891746824526946 1.562499999999999 0
5.435905136893769 1.889275060824218 0
5.66922597392301 1.881737314898208 0
5.313521627201596 1.107663338733202 0
5.883853324074629 1.309653106370553 0
5.107015042609637 1.690108146436355 0
5.812979933272043 1.105661943683811 0
5.203342065597668 1.890514807811296 0
5.119739080582317 1.198264371009671 0
5.891746824526945 1.812499999999999 0
5.108046819995818 1.562934691072726 0
5.21647195836657 1.500072448512122 0
5.21213238974845 1.382578069494175 0
5.323276917771667 1.440070457719614 0
5.323360602144314 1.564776481988349 0
5.432887687448481 1.500210283029118 0
5.433669867636155 1.383943428288734 0
5.542279672174448 1.440627943822707 0
5.541414007426178 1.56305637114197 0
5.64971270698334 1.50061405249411 0
5.650645397256497 1.377225991322533 0
5.649539812326053 1.625071089870995 0
5.541294025623375 1.687604576835492 0
5.757772228311381 1.437499999999993 0
5.649519052838324 1.749999999999999 0
5.7523700317608 1.686678944996958 0
5.757090250328718 1.315935632457282 0
5.641588776705296 1.242239301495765 0
5.544995607550565 1.812421875112277 0
5.433012701892215 1.749999999999995 0
5.323214048052185 1.82212678062788 0
5.317882981997108 1.698515985698362 0
5.213123246690016 1.762431805832133 0
5.757772228311385 1.562499999999993 0
5.214942368342157 1.628433280897625 0
5.437670271200265 1.108154869349747 0
5.500091457723272 1.214952200628109 0
5.692738871872768 1.110160879474509 0
5.376509264072753 1.208507106170408 0
5.253076039637517 1.204507489900024 0
5.891746824526946 1.687499999999999 0
5.891746824526945 1.437499999999998 0
5.105818153375216 1.321827696774232 0
5.431642001088612 1.627360616448881 0
5.19214051639459 1.100323591764835 0
5.806637993160526 1.896584216942787 0
5.895044935187905 1.184683772487845 0
5.102826913559413 1.80886664387152 0
5.318706964759146 1.312960562966912 0
5.537873185631426 1.323280476011415 0
5.749926650467057 1.798911060558904 0
5.775925112198051 1.209509606051951 0
5.5625 1.915464298762486 0
5.312500000000001 1.922662445474206 0
5.908493649053892 1.091506350946107 0
5.091506350946111 1.908493649053889 0
5.091506350946108 1.09150635094611 0
5.90849364905389 1.90849364905389 0
5.824759526419161 1.625 0
5.437500000000004 1.283493649053892 0
5.824759526419166 1.374999999999998 0
5.824759526419164 1.499999999999997 0
5.824693153297352 1.739838921687744 0
5.197375473854565 1.286313207301693 0
2 13 0 66
1297
1298
1299
1300
1301
1302
1303
1304
1305
1306
1307
1308
1309
1310
1311
1312
1313
1314
1315
1316
1317
1318
1319
1320
1321
1322
1323
1324
1325
1326
1327
1328
1329
1330
1331
1332
1333
1334
1335
1336
1337
1338
1339
1340
1341
1342
1343
1344
1345
1346
1347
1348
1349
1350
1351
1352
1353
1354
1355
1356
1357
1358
1359
1360
1361
1362
3.88927506082422 3.564094863106229 0
3.437500000000001 3.891746824526945 0
3.121259140952524 3.431121170366613 0
3.562499999999999 3.108253175473055 0
3.690108146436353 3.892984957390361 0
3.108253175473054 3.6875 0
3.881737314898208 3.330774026076989 0
3.312810865984802 3.104493186086437 0
3.18802967116011 3.89415349436802 0
3.120769536763688 3.18690935762354 0
3.890514807811293 3.79665793440233 0
3.8125 3.108253175473055 0
3.312588278526686 3.892147936167124 0
3.377761732122096 3.78514649317285 0
3.500460288687017 3.783769123073718 0
3.4407840225025 3.677147852116231 0
3.564960049481313 3.676750373077048 0
3.500488441495224 3.567277882974415 0
3.386942858074741 3.567299178708536 0
3.44301038174786 3.456849315519344 0
3.563499803873848 3.458468418926603 0
3.501085030936953 3.350122528691089 0
3.379537733933668 3.348121858204064 0
3.625126629908335 3.350443038866076 0
3.687687738963698 3.458683520634108 0
3.437500000000002 3.242227771688619 0
3.750000000000001 3.350480947161674 0
3.686682318420023 3.24762892664494 0
3.314118639596153 3.249655443277753 0
3.244186154842956 3.357736123817771 0
3.812428946721821 3.455002483117586 0
3.75 3.566987298107782 0
3.822126780627879 3.676785951947814 0
3.69851598569836 3.682117018002884 0
3.762431805832128 3.78687675330998 0
3.235332749798963 3.770933993893186 0
3.108253175473055 3.312500000000001 0
3.222577358803475 3.473447216411162 0
3.137123053803955 3.561798247181948 0
3.218092534521901 3.654808928225187 0
3.687499999999999 3.108253175473055 0
3.628449556682759 3.785074977036937 0
3.627525336585407 3.568380751953807 0
3.563275951405492 3.892115269153885 0
3.437499999999999 3.108253175473054 0
3.562500000000002 3.242227771688619 0
3.10409951422139 3.812067822096679 0
3.896584216942786 3.193362006839476 0
3.191853721181388 3.09292564867347 0
3.808866643871512 3.897173086440582 0
3.207672616013916 3.25628918442076 0
3.7989110605589 3.25007334953294 0
3.326073337939944 3.677601142605596 0
3.915464298762489 3.437499999999999 0
3.328159576777572 3.45772433580921 0
3.922662445474206 3.687499999999999 0
3.90849364905389 3.90849364905389 0
3.09150635094611 3.90849364905389 0
3.09150635094611 3.09150635094611 0
3.90849364905389 3.09150635094611 0
3.269828119986931 3.56544650815694 0
3.375000000000003 3.175240473580838 0
3.624999999999999 3.175240473580835 0
3.5 3.175240473580835 0
3.739839167564061 3.175306770784697 0
3.251035573393725 3.174644997384734 0
2 14 0 2181
1363
1364
1365
1366
1367
1368
1369
1370
1371
1372
1373
1374
1375
1376
1377
1378
1379
1380
1381
1382
1383
1384
1385
1386
1387
1388
1389
1390
1391
1392
1393
1394
1395
1396
1397
1398
1399
1400
1401
1402
1403
1404
1405
1406
1407
1408
1409
1410
1411
1412
1413
1414
1415
1416
1417
1418
1419
1420
1421
1422
1423
1424
1425
1426
1427
1428
1429
1430
1431
1432
1433
1434
1435
1436
1437
1438
1439
1440
1441
1442
1443
1444
1445
1446
1447
1448
1449
1450
1451
1452
1453
1454
1455
1456
1457
1458
1459
1460
1461
1462
1463
1464
1465
1466
1467
1468
1469
1470
1471
1472
1473
1474
1475
1476
1477
1478
1479
1480
1481
1482
1483
1484
1485
1486
1487
1488
1489
1490
1491
1492
1493
1494
1495
1496
1497
1498
1499
1500
1501
1502
1503
1504
1505
1506
1507
1508
1509
1510
1511
1512
1513
1514
1515
1516
1517
1518
1519
1520
1521
1522
1523
1524
1525
1526
1527
1528
1529
1530
1531
1532
1533
1534
1535
1536
1537
1538
1539
1540
1541
1542
1543
1544
1545
1546
1547
1548
1549
1550
1551
1552
1553
1554
1555
1556
1557
1558
1559
1560
1561
1562
1563
1564
1565
1566
1567
1568
1569
1570
1571
1572
1573
1574
1575
1576
1577
1578
1579
1580
1581
1582
1583
1584
1585
1586
1587
1588
1589
1590
1591
1592
1593
1594
1595
1596
1597
1598
1599
1600
1601
1602
1603
1604
1605
1606
1607
1608
1609
1610
1611
1612
1613
1614
1615
1616
1617
1618
1619
1620
1621
1622
1623
1624
1625
1626
1627
1628
1629
1630
1631
1632
1633
1634
1635
1636
1637
1638
1639
1640
1641
1642
1643
1644
1645
1646
1647
1648
1649
1650
1651
1652
1653
1654
1655
1656
1657
1658
1659
1660
1661
1662
1663
1664
1665
1666
1667
1668
1669
1670
1671
1672
1673
1674
1675
1676
1677
1678
1679
1680
1681
1682
1683
1684
1685
1686
1687
1688
1689
1690
1691
1692
1693
1694
1695
1696
1697
1698
1699
1700
1701
1702
1703
1704
1705
1706
1707
1708
1709
1710
1711
1712
1713
1714
1715
1716
1717
1718
1719
1720
1721
1722
1723
1724
1725
1726
1727
1728
1729
1730
1731
1732
1733
1734
1735
1736
1737
1738
1739
1740
1741
1742
1743
1744
1745
1746
1747
1748
1749
1750
1751
1752
1753
1754
1755
1756
1757
1758
1759
1760
1761
1762
1763
1764
1765
1766
1767
1768
1769
1770
1771
1772
1773
1774
1775
1776
1777
1778
1779
1780
1781
1782
1783
1784
1785
1786
1787
1788
1789
1790
1791
1792
1793
1794
1795
1796
1797
1798
1799
1800
1801
1802
1803
1804
1805
1806
1807
1808
1809
1810
1811
1812
1813
1814
1815
1816
1817
1818
1819
1820
1821
1822
1823
1824
1825
1826
1827
1828
1829
1830
1831
1832
1833
1834
1835
1836
1837
1838
1839
1840
1841
1842
1843
1844
1845
1846
1847
1848
1849
1850
1851
1852
1853
1854
1855
1856
1857
1858
1859
1860
1861
1862
1863
1864
1865
1866
1867
1868
1869
1870
1871
1872
1873
1874
1875
1876
1877
1878
1879
1880
1881
1882
1883
1884
1885
1886
1887
1888
1889
1890
1891
1892
1893
1894
1895
1896
1897
1898
1899
1900
1901
1902
1903
1904
1905
1906
1907
1908
1909
1910
1911
1912
1913
1914
1915
1916
1917
1918
1919
1920
1921
1922
1923
1924
1925
1926
1927
1928
1929
1930
1931
1932
1933
1934
1935
1936
1937
1938
1939
1940
1941
1942
1943
1944
1945
1946
1947
1948
1949
1950
1951
1952
1953
1954
1955
1956
1957
1958
1959
1960
1961
1962
1963
1964
1965
1966
1967
1968
1969
1970
1971
1972
1973
1974
1975
1976
1977
1978
1979
1980
1981
1982
1983
1984
1985
1986
1987
1988
1989
1990
1991
1992
1993
1994
1995
1996
1997
1998
1999
2000
2001
2002
2003
2004
2005
2006
2007
2008
2009
2010
2011
2012
2013
2014
2015
2016
2017
2018
2019
2020
2021
2022
2023
2024
2025
2026
2027
2028
2029
2030
2031
2032
2033
2034
2035
2036
2037
2038
2039
2040
2041
2042
2043
2044
2045
2046
2047
2048
2049
2050
2051
2052
2053
2054
2055
2056
2057
2058
2059
2060
2061
2062
2063
2064
2065
2066
2067
2068
2069
2070
2071
2072
2073
2074
2075
2076
2077
2078
2079
2080
2081
2082
2083
2084
2085
2086
2087
2088
2089
2090
2091
2092
2093
2094
2095
2096
2097
2098
2099
2100
2101
2102
2103
2104
2105
2106
2107
2108
2109
2110
2111
2112
2113
2114
2115
2116
2117
2118
2119
2120
2121
2122
2123
2124
2125
2126
2127
2128
2129
2130
2131
2132
2133
2134
2135
2136
2137
2138
2139
2140
2141
2142
2143
2144
2145
2146
2147
2148
2149
2150
2151
2152
2153
2154
2155
2156
2157
2158
2159
2160
2161
2162
2163
2164
2165
2166
2167
2168
2169
2170
2171
2172
2173
2174
2175
2176
2177
2178
2179
2180
2181
2182
2183
2184
2185
2186
2187
2188
2189
2190
2191
2192
2193
2194
2195
2196
2197
2198
2199
2200
2201
2202
2203
2204
2205
2206
2207
2208
2209
2210
2211
2212
2213
2214
2215
2216
2217
2218
2219
2220
2221
2222
2223
2224
2225
2226
2227
2228
2229
2230
2231
2232
2233
2234
2235
2236
2237
2238
2239
2240
2241
2242
2243
2244
2245
2246
2247
2248
2249
2250
2251
2252
2253
2254
2255
2256
2257
2258
2259
2260
2261
2262
2263
2264
2265
2266
2267
2268
2269
2270
2271
2272
2273
2274
2275
2276
2277
2278
2279
2280
2281
2282
2283
2284
2285
2286
2287
2288
2289
2290
2291
2292
2293
2294
2295
2296
2297
2298
2299
2300
2301
2302
2303
2304
2305
2306
2307
2308
2309
2310
2311
2312
2313
2314
2315
2316
2317
2318
2319
2320
2321
2322
2323
2324
2325
2326
2327
2328
2329
2330
2331
2332
2333
2334
2335
2336
2337
2338
2339
2340
2341
2342
2343
2344
2345
2346
2347
2348
2349
2350
2351
2352
2353
2354
2355
2356
2357
2358
2359
2360
2361
2362
2363
2364
2365
2366
2367
2368
2369
2370
2371
2372
2373
2374
2375
2376
2377
2378
2379
2380
2381
2382
2383
2384
2385
2386
2387
2388
2389
2390
2391
2392
2393
2394
2395
2396
2397
2398
2399
2400
2401
2402
2403
2404
2405
2406
2407
2408
2409
2410
2411
2412
2413
2414
2415
2416
2417
2418
2419
2420
2421
2422
2423
2424
2425
2426
2427
2428
2429
2430
2431
2432
2433
2434
2435
2436
2437
2438
2439
2440
2441
2442
2443
2444
2445
2446
2447
2448
2449
2450
2451
2452
2453
2454
2455
2456
2457
2458
2459
2460
2461
2462
2463
2464
2465
2466
2467
2468
2469
2470
2471
2472
2473
2474
2475
2476
2477
2478
2479
2480
2481
2482
2483
2484
2485
2486
2487
2488
2489
2490
2491
2492
2493
2494
2495
2496
2497
2498
2499
2500
2501
2502
2503
2504
2505
2506
2507
2508
2509
2510
2511
2512
2513
2514
2515
2516
2517
2518
2519
2520
2521
2522
2523
2524
2525
2526
2527
2528
2529
2530
2531
2532
2533
2534
2535
2536
2537
2538
2539
2540
2541
2542
2543
2544
2545
2546
2547
2548
2549
2550
2551
2552
2553
2554
2555
2556
2557
2558
2559
2560
2561
2562
2563
2564
2565
2566
2567
2568
2569
2570
2571
2572
2573
2574
2575
2576
2577
2578
2579
2580
2581
2582
2583
2584
2585
2586
2587
2588
2589
2590
2591
2592
2593
2594
2595
2596
2597
2598
2599
2600
2601
2602
2603
2604
2605
2606
2607
2608
2609
2610
2611
2612
2613
2614
2615
2616
2617
2618
2619
2620
2621
2622
2623
2624
2625
2626
2627
2628
2629
2630
2631
2632
2633
2634
2635
2636
2637
2638
2639
2640
2641
2642
2643
2644
2645
2646
2647
2648
2649
2650
2651
2652
2653
2654
2655
2656
2657
2658
2659
2660
2661
2662
2663
2664
2665
2666
2667
2668
2669
2670
2671
2672
2673
2674
2675
2676
2677
2678
2679
2680
2681
2682
2683
2684
2685
2686
2687
2688
2689
2690
2691
2692
2693
2694
2695
2696
2697
2698
2699
2700
2701
2702
2703
2704
2705
2706
2707
2708
2709
2710
2711
2712
2713
2714
2715
2716
2717
2718
2719
2720
2721
2722
2723
2724
2725
2726
2727
2728
2729
2730
2731
2732
2733
2734
2735
2736
2737
2738
2739
2740
2741
2742
2743
2744
2745
2746
2747
2748
2749
2750
2751
2752
2753
2754
2755
2756
2757
2758
2759
2760
2761
2762
2763
2764
2765
2766
2767
2768
2769
2770
2771
2772
2773
2774
2775
2776
2777
2778
2779
2780
2781
2782
2783
2784
2785
2786
2787
2788
2789
2790
2791
2792
2793
2794
2795
2796
2797
2798
2799
2800
2801
2802
2803
2804
2805
2806
2807
2808
2809
2810
2811
2812
2813
2814
2815
2816
2817
2818
2819
2820
2821
2822
2823
2824
2825
2826
2827
2828
2829
2830
2831
2832
2833
2834
2835
2836
2837
2838
2839
2840
2841
2842
2843
2844
2845
2846
2847
2848
2849
2850
2851
2852
2853
2854
2855
2856
2857
2858
2859
2860
2861
2862
2863
2864
2865
2866
2867
2868
2869
2870
2871
2872
2873
2874
2875
2876
2877
2878
2879
2880
2881
2882
2883
2884
2885
2886
2887
2888
2889
2890
2891
2892
2893
2894
2895
2896
2897
2898
2899
2900
2901
2902
2903
2904
2905
2906
2907
2908
2909
2910
2911
2912
2913
2914
2915
2916
2917
2918
2919
2920
2921
2922
2923
2924
2925
2926
2927
2928
2929
2930
2931
2932
2933
2934
2935
2936
2937
2938
2939
2940
2941
2942
2943
2944
2945
2946
2947
2948
2949
2950
2951
2952
2953
2954
2955
2956
2957
2958
2959
2960
2961
2962
2963
2964
2965
2966
2967
2968
2969
2970
2971
2972
2973
2974
2975
2976
2977
2978
2979
2980
2981
2982
2983
2984
2985
2986
2987
2988
2989
2990
2991
2992
2993
2994
2995
2996
2997
2998
2999
3000
3001
3002
3003
3004
3005
3006
3007
3008
3009
3010
3011
3012
3013
3014
3015
3016
3017
3018
3019
3020
3021
3022
3023
3024
3025
3026
3027
3028
3029
3030
3031
3032
3033
3034
3035
3036
3037
3038
3039
3040
3041
3042
3043
3044
3045
3046
3047
3048
3049
3050
3051
3052
3053
3054
3055
3056
3057
3058
3059
3060
3061
3062
3063
3064
3065
3066
3067
3068
3069
3070
3071
3072
3073
3074
3075
3076
3077
3078
3079
3080
3081
3082
3083
3084
3085
3086
3087
3088
3089
3090
3091
3092
3093
3094
3095
3096
3097
3098
3099
3100
3101
3102
3103
3104
3105
3106
3107
3108
3109
3110
3111
3112
3113
3114
3115
3116
3117
3118
3119
3120
3121
3122
3123
3124
3125
3126
3127
3128
3129
3130
3131
3132
3133
3134
3135
3136
3137
3138
3139
3140
3141
3142
3143
3144
3145
3146
3147
3148
3149
3150
3151
3152
3153
3154
3155
3156
3157
3158
3159
3160
3161
3162
3163
3164
3165
3166
3167
3168
3169
3170
3171
3172
3173
3174
3175
3176
3177
3178
3179
3180
3181
3182
3183
3184
3185
3186
3187
3188
3189
3190
3191
3192
3193
3194
3195
3196
3197
3198
3199
3200
3201
3202
3203
3204
3205
3206
3207
3208
3209
3210
3211
3212
3213
3214
3215
3216
3217
3218
3219
3220
3221
3222
3223
3224
3225
3226
3227
3228
3229
3230
3231
3232
3233
3234
3235
3236
3237
3238
3239
3240
3241
3242
3243
3244
3245
3246
3247
3248
3249
3250
3251
3252
3253
3254
3255
3256
3257
3258
3259
3260
3261
3262
3263
3264
3265
3266
3267
3268
3269
3270
3271
3272
3273
3274
3275
3276
3277
3278
3279
3280
3281
3282
3283
3284
3285
3286
3287
3288
3289
3290
3291
3292
3293
3294
3295
3296
3297
3298
3299
3300
3301
3302
3303
3304
3305
3306
3307
3308
3309
3310
3311
3312
3313
3314
3315
3316
3317
3318
3319
3320
3321
3322
3323
3324
3325
3326
3327
3328
3329
3330
3331
3332
3333
3334
3335
3336
3337
3338
3339
3340
3341
3342
3343
3344
3345
3346
3347
3348
3349
3350
3351
3352
3353
3354
3355
3356
3357
3358
3359
3360
3361
3362
3363
3364
3365
3366
3367
3368
3369
3370
3371
3372
3373
3374
3375
3376
3377
3378
3379
3380
3381
3382
3383
3384
3385
3386
3387
3388
3389
3390
3391
3392
3393
3394
3395
3396
3397
3398
3399
3400
3401
3402
3403
3404
3405
3406
3407
3408
3409
3410
3411
3412
3413
3414
3415
3416
3417
3418
3419
3420
3421
3422
3423
3424
3425
3426
3427
3428
3429
3430
3431
3432
3433
3434
3435
3436
3437
3438
3439
3440
3441
3442
3443
3444
3445
3446
3447
3448
3449
3450
3451
3452
3453
3454
3455
3456
3457
3458
3459
3460
3461
3462
3463
3464
3465
3466
3467
3468
3469
3470
3471
3472
3473
3474
3475
3476
3477
3478
3479
3480
3481
3482
3483
3484
3485
3486
3487
3488
3489
3490
3491
3492
3493
3494
3495
3496
3497
3498
3499
3500
3501
3502
3503
3504
3505
3506
3507
3508
3509
3510
3511
3512
3513
3514
3515
3516
3517
3518
3519
3520
3521
3522
3523
3524
3525
3526
3527
3528
3529
3530
3531
3532
3533
3534
3535
3536
3537
3538
3539
3540
3541
3542
3543
3.446517407735676 6.881289759945894 0
4.891510670650978 5.93738064421463 0
2.935695544514106 5.108180142419253 0
3.990032794008645 6.882159061621486 0
2.108505530056379 5.937366722999053 0
4.058475201884918 5.106539121505161 0
2.855646384079127 6.874997118575618 0
3.062024558327584 5.108558526603599 0
2.998365204499762 5.217122418935966 0
3.125572696113915 5.2169579385601 0
3.062438218709355 5.326124310434145 0
3.189487168644916 5.326193891772081 0
3.12470338981807 5.436186966255396 0
3.253254892218457 5.436158694341118 0
3.187843793979706 5.547121832196051 0
3.317454922455469 5.546912749450211 0
3.252760600515957 5.658355879018284 0
3.381773816328639 5.658329651552835 0
4.409607263292612 6.890763454972449 0
3.124024989001356 5.658013981450981 0
3.18854079318224 5.770043974706605 0
4.891746824526946 5.562500000000001 0
0.1175375589130239 4.547347897540958 0
6.881810338093414 4.557009263676956 0
0.1226873726313231 2.440991368883198 0
4.559008631116802 0.1226873726313231 0
2.458227193563724 0.11303246406468 0
6.871508875409476 2.438220492325334 0
2.103192978243291 5.568300876980494 0
3.056969078977265 5.770119085440022 0
3.123472694147224 5.882114891335832 0
2.444142313798093 6.892345136307533 0
6.878756443470179 6.370000000000001 0
0.1319028304204304 0.6360780293785471 0
6.369438026441523 0.1204908265449798 0
0.1372558945678732 6.356661691592212 0
2.992372311202318 5.882131610316428 0
4.885963249080865 6.063131794887228 0
4.781185970537304 5.999825312927349 0
3.887786409451629 4.697879496278071 0
5.692171463500722 4.105661330803373 0
5.696085045917492 2.110819809360142 0
1.438109806508932 2.891879168874602 0
2.108126776434593 1.438177755512614 0
4.108120831125395 1.43810980650893 0
1.435885799460348 4.113691826181806 0
1.062562841167654 2.891611071241997 0
2.10839634211564 1.062566943392533 0
4.108388928758003 1.062562841167654 0
1.062566943392533 4.89160365788436 0
4.108301975149812 0.9370874283955999 0
0.9370874283955999 2.891698024850188 0
2.930127015906694 5.327142813893886 0
0.7538040421593615 6.872156744079994 0
6.231823144113914 6.879975530401598 0
0.7561161258553128 0.1345136593343264 0
6.880060077253091 0.7697831170928473 0
3.058243678469597 5.995181328050264 0
3.189462880373421 5.99539484045259 0
2.927828855742788 5.994644490196135 0
5.828767172407963 6.108154501150461 0
0.8848227282484777 5.815377230209622 0
1.183897312965001 0.8910359520127762 0
6.106002608053773 1.193981633865233 0
6.124210382884382 5.828069352209784 0
5.798486020277089 0.9069980547170711 0
1.175537234334962 6.109221754474792 0
0.8783491805557651 1.179535903087116 0
3.437499999999999 0.8917468245269458 0
0.8917468245269458 3.562500000000001 0
6.108253175473054 3.437499999999999 0
0.9370315292333675 4.886094897225537 0
2.113905102774463 0.937031529233368 0
2.114044617490477 6.063182212068249 0
3.789943538624499 0.8825947967161345 0
0.8825947967161345 3.210056461375501 0
6.117206095735312 3.790208663351529 0
1.55151572453939 6.114194350964578 0
0.8843907006863958 1.565414125205843 0
6.118383079844279 5.432044425911124 0
5.440086658590901 0.8956708911894413 0
1.55253095001509 0.886750244896811 0
6.107909378301543 5.061725766150492 0
6.108604737973055 4.936891075887964 0
5.452069098928316 6.114813527006676 0
0.8924357490534454 1.939385172823128 0
0.8856893908848842 2.063931124516481 0
6.102899195901504 1.568929886539491 0
0.8862754746239281 5.436422768350445 0
5.076603442793634 0.8841870982619069 0
4.93873364475298 0.8843146157529613 0
6.109802251361002 1.935762138707429 0
6.114682054500995 2.063306434070541 0
0.8912097978803781 3.937234872216715 0
0.8914191312757618 4.063694977179975 0
3.062765127783285 0.8912097978803781 0
2.936268633511562 0.8913982037481105 0
6.108784093742164 3.062762556296506 0
6.108563562429635 2.936366110697449 0
4.429949592443984 5.1076314176434 0
6.868585968312582 4.109413277039986 0
3.188743327431476 5.109495313758234 0
0.1183862818024459 5.109913094924371 0
1.889597168659496 0.1204662829878642 0
2.862043922314271 5.881808386122948 0
5.112742947535905 6.87704485096388 0
1.882523447127417 6.857546870789717 0
4.781280553813808 6.12657082546743 0
4.671582967524921 6.062904749948224 0
5.562238565823827 2.885252544616504 0
3.110748865203033 4.563040854694988 0
5.799263875036349 4.884064181069341 0
2.896017570250541 1.319897148579475 0
1.312658647768558 2.10460519538766 0
4.89539480461234 1.312658647768558 0
3.123602036304998 6.109181497381093 0
3.255643094446415 6.109352936911423 0
1.438187301963815 4.891867591945761 0
5.108253175473055 4.562499999999998 0
4.124256154216366 0.1252849190282523 0
0.1252849190282523 2.875743845783635 0
3.936435436725681 5.107971474420443 0
3.999155097494375 5.216969362651872 0
0.1211000480787137 1.751159664093085 0
6.886786206364492 5.265259332268371 0
5.24322803312428 0.133176522096599 0
6.88185408677849 1.745435502037057 0
6.218179284659263 2.999991194543054 0
6.218604705533767 2.872756043849405 0
6.108015243170042 2.809312048379371 0
6.21817935470869 2.745180101866102 0
0.7815062334413909 4.000054495682468 0
0.7813390180531306 4.127276790770111 0
2.999939439432789 0.781502745520116 0
2.872716133531021 0.7813349488116432 0
5.108253175473054 2.437499999999999 0
3.562500000000001 4.108253175473054 0
1.888403180874088 2.428816814748357 0
2.571194925010668 1.88846988454131 0
4.571183185251638 1.888403180874089 0
0.1328096280117981 5.65586670696424 0
5.66645972765574 6.887473526253043 0
5.67839903412054 0.1270491090846608 0
6.883674861423746 5.659246686072725 0
1.334100088244977 0.1187262290328142 0
6.878756443470179 1.33 0
1.333568780846787 6.881270350505066 0
0.1192396311119293 1.318843508021433 0
0.8919486310551856 4.190739557253016 0
0.7819047855641261 4.254752210111157 0
2.809229275978162 0.8919307070152995 0
2.745247789888843 0.7819047855641275 0
6.889181449717723 3.570321515356703 0
3.570318359219201 0.1107258894638701 0
0.1107258894638701 3.429681640780799 0
0.9999187703222061 2.782979471574884 0
0.8737587594218983 2.782599662757407 0
4.217020528425116 0.9999187703222057 0
4.217400337242593 0.8737587594218978 0
2.797832955815974 5.994021301602146 0
6.217346809275599 4.998101869365705 0
6.218395311726106 4.872022712564993 0
6.220862176335482 1.99798286129374 0
0.781642618552981 2.00207246721696 0
0.7802939778780695 2.128171140326568 0
5.000002532996191 0.7818855159077742 0
4.872697765042648 0.7807917373126445 0
4.671992806107653 6.190862342289824 0
4.561267034316676 6.126855453845108 0
4.561595834779061 5.998629445076739 0
4.450238156556022 6.062436553482415 0
4.45087973912711 5.934090457749617 0
4.339263625581562 5.99776621093302 0
4.338533194317054 6.126482069800992 0
4.226981557287878 6.061589200462495 0
4.228058932346519 5.932577152496915 0
4.115209206580674 5.995969326675426 0
4.114449456961658 6.12602195416051 0
4.002333476046645 6.060146560374345 0
4.003349329060064 5.930056671533051 0
4.000858677430285 6.19061590211661 0
4.89069740761693 6.189622848352659 0
2.733517752883358 5.88125585755115 0
3.189156330382784 6.223951249199214 0
3.322050531483243 6.224113342099946 0
6.107289087185178 2.682063623343383 0
6.220162068808134 2.127330256447963 0
1.889026752770221 4.564341039676941 0
2.437500000000001 5.108253175473054 0
3.874072978264232 5.213709238863559 0
3.81130615643382 5.107498998892072 0
6.880917367814227 3.147266187820139 0
0.113584693164543 3.851434851421195 0
3.148565148578801 0.1135846931645368 0
6.327323669340816 4.932369503541038 0
6.329386541616278 4.807109716734281 0
6.218033838673036 4.743179358893634 0
6.329382495276505 4.678704026889928 0
6.217449518524473 4.614968544737565 0
6.328866311007889 4.549462228198399 0
6.329368072451827 2.06325688188151 0
6.329938193181825 2.19226492344897 0
4.936709735061423 0.6702291550467145 0
4.807686293770725 0.6700605423152508 0
0.6699800348092442 2.063785899688821 0
0.669646036275013 2.192890019403261 0
6.329886737313355 2.808911045380486 0
2.808809105591648 0.6700854193145123 0
2.679644854675575 0.6706372953981776 0
0.6700860975214269 4.191189715125207 0
0.6706363884171891 4.320354947595312 0
6.328985852500618 1.934426618918965 0
6.33402249959728 5.045960770815546 0
5.065607233790503 0.6709461684166911 0
0.6730101177527121 1.940588156896903 0
3.387123066908863 6.109652142256453 0
0.8759008573989053 2.196231557416469 0
4.804357388356644 0.8757546881160154 0
2.68214465316923 0.8926267468771552 0
0.8926289419692215 4.317856138702695 0
3.937331748652357 5.313212409803856 0
4.057134853951744 5.336804893795412 0
3.449962233707271 6.221332595650464 0
2.668311901664016 5.993226999297187 0
2.732344819576639 6.105862310886499 0
5.431940223450401 4.896109514399862 0
2.604595942452852 5.880927048194913 0
2.66898515334554 5.769806857735833 0
6.091155565520851 0.1210368618909317 0
6.878756443470179 6.09 0
5.94886333223168 6.870574964242406 0
0.1306888876032155 0.9356474483673196 0
0.1097121308991866 4.829982127483056 0
6.862870635537598 3.861777260149705 0
0.4913812708349576 6.870409668056103 0
0.1212435565298211 5.950000000000001 0
6.879517870218439 0.4909203077555508 0
6.881924399301246 1.045025190875174 0
2.188313890480007 0.110200935605556 0
1.041709561139398 6.885475018011818 0
6.509684243036851 6.879165452747513 0
0.4919617564854857 0.1292392012074579 0
1.04206183520343 0.1143637314011392 0
3.861487869514598 0.1369028562579722 0
0.1369028562579722 3.138512130485402 0
0.1153935855248402 5.405954699088979 0
1.619879712128239 0.1403577618146508 0
5.390715822195001 6.879094050901086 0
4.835951439174658 6.872781365752874 0
1.607626921332122 6.888665648357272 0
2.168914635251642 6.878895303506668 0
3.715622833848456 6.882346501296256 0
3.149763940083937 6.885121784247771 0
4.56116280327841 6.255886426372668 0
5.937412367564685 4.108439505382362 0
6.062801480464979 4.108363698006331 0
1.562833028839836 2.104812636895962 0
4.895187363104037 1.562833028839838 0
2.883651591897716 1.560695745584146 0
5.425370585374257 2.112032174516338 0
5.425767579169537 4.110668790175159 0
3.887447227976508 4.427920586029676 0
0.8882462750987346 5.184662853238544 0
1.811411236245472 0.9052255046213711 0
1.811144413045439 6.095205109301233 0
2.602586837603419 6.10521659426395 0
2.666892007433722 6.218417401805836 0
2.540299510524491 6.220076735187002 0
4.114273114626141 6.256978364777323 0
3.999513775244881 6.322307369526116 0
2.601575808044547 6.332352946749254 0
2.47791934430573 6.329198656944048 0
4.673584048615012 6.320143191187325 0
3.748565092908095 5.216895613592784 0
3.68696042116013 5.107153418342978 0
2.732646962279834 6.332512856399243 0
4.113596887600267 6.388078228997935 0
3.111234801370273 4.797009464373444 0
6.107932668324926 2.19049243566637 0
2.743934346387568 0.5577764103492098 0
0.5577763831141995 4.256065489682402 0
4.891746824526945 5.312500000000001 0
1.883626069959837 4.329367936593426 0
5.109746334332758 2.693663058929255 0
3.309787571494444 4.115300639042999 0
1.687830600161882 2.891931637281937 0
4.108068362718058 1.687830600161879 0
2.1080852349763 1.687891442735615 0
6.439778896819869 4.869076225547317 0
6.442454431738096 2.127360092514921 0
0.5572416296404406 2.127599043751803 0
4.872579614235568 0.5573522340200583 0
2.874434933172499 0.5574001823361114 0
0.5574002908314295 4.125564842958638 0
5.188452025538303 6.096028228501465 0
4.109218793062429 0.8104129622356253 0
4.214176317166972 0.7461562010124054 0
4.107411368603564 0.6820086189084136 0
4.213903215584584 0.6168175791652408 0
0.8104129622356253 2.890781206937571 0
0.746156201012405 2.785823682833029 0
0.6820086189084136 2.892588631396436 0
0.6168175791652408 2.786096784415416 0
6.883897311989703 2.733744481565995 0
6.329452611991636 2.679762457421546 0
3.255429239166991 6.339613038114768 0
6.441001864723825 2.254907043000015 0
2.613332119181656 0.558389554765415 0
0.5583895547654136 4.386667880818344 0
0.5573607579521318 2.257992658733991 0
4.741899405705418 0.5571085552895676 0
3.890366301894717 5.99407863451226 0
3.891799071316623 5.864205292507744 0
0.6716626517557867 4.450734187554047 0
0.5577239370702602 4.52092869061091 0
2.549265794007785 0.6716655242989868 0
2.481919902565878 0.5591595553491735 0
4.004456782140627 5.80046821409842 0
4.560907826904233 6.386281045639041 0
5.996742960420539 4.235475148017921 0
0.7941264581941154 2.66286153553698 0
4.337138464463019 0.7941264581941168 0
0.9999042122033162 4.782013027488572 0
2.217985049156477 0.9999058701870585 0
1.188019139395458 4.106690330069343 0
5.799710065386643 2.88553085830325 0
2.543534270825592 5.767679053950861 0
2.605875563144177 5.658512108548619 0
2.666091430679482 6.446882039729271 0
2.799134534217753 6.447494230781847 0
4.561752108450323 5.870553037734034 0
4.451711356443829 5.806170511282208 0
3.446034399175366 5.546615192543525 0
3.893436319518862 5.73482038457502 0
4.10455036492399 0.5519196164065634 0
0.5519196164065638 2.89544963507601 0
3.778473960581036 5.927953205824847 0
4.675470251316677 6.45151029475893 0
0.1236986646631117 6.645596476144279 0
6.888850999600311 6.656332147558462 0
6.640142327333148 0.1166476336191309 0
0.1242670764046769 0.3542848119871631 0
3.316846288046949 5.325776977762578 0
5.109539372482184 4.317608785493139 0
1.687499999999999 4.891746824526945 0
2.106271264231137 5.304396451661309 0
3.998799978326214 6.455143960041573 0
3.88362500786647 6.387676620246696 0
4.114617121859712 6.519019687032111 0
6.442018361068651 4.613870619981656 0
6.442691197652114 4.479870852143966 0
6.881886493486572 4.969999473701302 0
6.890101487948375 2.025375151949977 0
0.1139023063962528 2.025738133720218 0
4.974261866279782 0.1139023063962528 0
3.992168530722764 0.6183856643682564 0
0.6183856643682564 3.007831469277236 0
2.732958457012975 5.659031644375559 0
2.669389045308094 5.548693767289115 0
2.542402780211012 5.548338121786629 0
4.217628021035419 0.4857890867991923 0
0.4857890867991923 2.782371978964581 0
2.808930441710236 0.4434316437405528 0
0.4434316572839361 4.191069493656615 0
6.442311776760118 2.744201875044473 0
6.442447710286316 2.874633909326303 0
6.125886168468864 4.217195007362733 0
6.189454292466655 4.109337568947998 0
0.8737090168276471 4.78150424631164 0
0.8103540403163132 4.885925179386584 0
2.218494468751531 0.8737109541570574 0
2.113706914420958 0.8105400734259685 0
1.125410692010962 2.783195469431982 0
1.063003800830944 2.674342734752102 0
1.188539918205234 2.67476931173937 0
1.126172732458284 2.565783957869693 0
1.251677024417536 2.566233832385609 0
4.216804530568018 1.125410692010963 0
4.325657265247898 1.063003800830946 0
4.32523068826063 1.188539918205235 0
4.434216042130307 1.126172732458287 0
4.433766167614389 1.251677024417539 0
2.216981210077987 1.125440751206066 0
2.32591949525747 1.063008640664515 0
2.325339621312755 1.188614778772244 0
1.125445507089188 4.783018561513187 0
1.063008019334352 4.674071064562368 0
1.188630589021146 4.674651351238921 0
4.562350374215673 5.742956529640653 0
4.452578888927661 5.678839791708448 0
4.562731523073905 5.615968506454845 0
4.453210361511427 5.551891834495741 0
4.343058699770686 5.614718951501321 0
4.56312203236871 5.489265425362589 0
2.6875 5.108253175473054 0
2.218429165549028 6.000151356205748 0
6.106849631157584 4.679324053704176 0
2.433057679453879 1.128481377768344 0
2.433660049585149 1.252177947141444 0
1.128496232530335 4.566923414056914 0
1.25220147021153 4.566315000375098 0
6.217756412868482 3.127181796761649 0
0.7822348568131536 3.872802852461859 0
3.127197147538141 0.7822348568131536 0
2.217404913168479 5.874165346810766 0
4.342682469915569 0.5564905877857056 0
0.5564905877857056 2.657317530084431 0
1.189306948632517 2.457256924277518 0
1.314778016637357 2.457765694234819 0
1.377165435943987 2.566519523219096 0
1.440111948673807 2.45822119037477 0
1.502353302957852 2.566880099303128 0
4.542743075722481 1.189306948632521 0
4.542234305765178 1.314778016637363 0
4.433480476780898 1.37716543594399 0
4.541778809625223 1.440111948673812 0
4.433119900696864 1.502353302957854 0
2.544272916092544 1.189612429590705 0
2.540303470688445 1.315036138317868 0
2.43308125083151 1.37730682781169 0
2.541467853441527 1.44033326357217 0
2.433048410775128 1.502558840014422 0
0.4435554161192448 4.058787336024691 0
2.941212663975306 0.4435554161192439 0
3.776750544687113 6.057940464229748 0
3.510744582975945 5.658167265583771 0
3.570914941243459 5.54875827218464 0
6.325594223860312 2.316512629840048 0
3.99097278954127 0.4867851121293394 0
3.875703860264254 0.5511361853778531 0
0.4867851121293394 3.00902721045873 0
0.5511361853778531 3.124296139735746 0
3.882604169294781 6.521674169907562 0
3.766857265737321 6.453544162930242 0
6.441744152981726 2.613689641022392 0
0.6677127447086035 2.318584495689865 0
4.681493567245701 0.6677397952715487 0
4.560836959553324 6.518291279752582 0
3.748958267181512 4.999032833863556 0
3.623583949571518 4.998822533125928 0
4.006794282010283 5.672159866137338 0
6.556290882076473 2.192244669092722 0
6.55260094729308 2.066251365092405 0
6.552664867602677 2.317211461044558 0
4.807627652878467 0.4431788564499772 0
4.939917678556085 0.4438869072498708 0
4.675935977476124 0.443120014806055 0
0.4431957133884232 2.192380766458054 0
0.4472919843427499 2.064130139943546 0
0.44316485807289 2.324047436486532 0
6.105970386747047 4.551930778161624 0
5.996237604893491 4.615949042247327 0
1.189649717919356 4.453431255517011 0
1.315074999297258 4.457031844438408 0
1.377374336111524 4.566383920887375 0
1.440371142977704 4.457974718997929 0
1.502606144850742 4.56675116660147 0
1.565987310799577 4.458238992977344 0
1.565297311046825 2.458654176694326 0
1.627518357973025 2.567207023177812 0
4.541345823305665 1.56529731104683 0
4.432792976822176 1.627518357973027 0
2.541344695368662 1.565536062045388 0
2.432825822341092 1.627750629219409 0
4.332479546537863 0.4158596343191157 0
0.4158596343191157 2.667520453462137 0
2.605962604514799 5.438893443910811 0
2.479387076379471 5.438703106687672 0
4.34379402915103 5.487837130486436 0
5.324408091650841 2.882254471751025 0
3.117319238763038 4.325441421531519 0
1.687436442091383 4.10312562076617 0
4.697069613168101 5.109498949126872 0
3.686357297824451 4.890463324576953 0
3.56102046885634 4.890201973680839 0
3.623875931372075 4.781865667981626 0
3.496386695308054 4.78296153009654 0
3.561098090921079 4.673526757978389 0
3.432324609113348 4.675505395705871 0
3.498401253635906 4.565207969711094 0
3.435601450182292 4.890841874332994 0
3.441164238385358 5.766682690551192 0
4.543212651746572 1.063729118003877 0
4.651889842260207 1.126883530393287 0
1.063729118003873 2.456787348253427 0
1.126883530393282 2.348110157739793 0
2.731862778597544 6.563006995072499 0
2.860318663166285 6.556006343435951 0
2.597789633996122 6.56232016177418 0
6.253569009256021 4.214669586172462 0
6.317699315126506 4.107790211138457 0
3.564502823206374 5.106990564246488 0
0.7461020910695213 4.784598267765876 0
0.6824756928294091 4.893827020351134 0
2.215340200379243 0.7461334194760321 0
2.106172979648868 0.6824756928294082 0
2.218959252996464 6.12682128199562 0
2.113604011900366 6.190119237832818 0
2.86470069225759 6.332651562198259 0
2.415858716076213 5.547814881346269 0
2.746041336608556 1.002069063322178 0
4.447716881135354 6.451951330981228 0
2.54641182809017 0.4448812524417192 0
2.414294371630563 0.4457414811018778 0
0.4446419827285641 4.454062937439294 0
0.4410381404883301 4.579930024401323 0
6.556419874779144 2.809303421257848 0
6.555439487008408 2.939871617825235 0
2.87494283328126 0.3277019317145431 0
0.3277019339717739 4.125057155946544 0
4.676179764752284 6.584449362594898 0
4.791187963768378 6.516743623063082 0
3.895304069008368 5.606224514264158 0
1.888248082337674 2.698437937869952 0
4.301562062130043 1.888248082337672 0
2.3015911533229 1.888296906364162 0
6.382776571965486 4.214586113252898 0
6.447629902847172 4.105057506742864 0
6.511344889817151 4.213937751672431 0
6.381277627986242 3.992739417576601 0
6.512747779040875 3.991570437788706 0
6.448461204645367 3.876377103544037 0
6.552167776161044 4.547695403927197 0
3.62409137676082 4.565151919631712 0
3.561767347698405 4.456641762014719 0
3.43667505484901 4.456346686446047 0
3.667886993749113 5.986260824649611 0
6.671639217803738 2.256786508865136 0
0.3273811158646378 2.258053213254875 0
4.741945425628321 0.3273708324970914 0
2.664041871332921 6.679605147073833 0
6.578847157195489 3.876566342755593 0
6.51147713115903 3.762593062262783 0
6.382159929380872 3.762314160293518 0
6.444058225463968 3.649085292839796 0
6.576256988553349 3.647490044239376 0
6.507228242191462 3.535924658124828 0
6.312960888307444 3.651170611982037 0
3.875868003786127 0.420686895653279 0
3.761854789891278 0.4881295012668239 0
3.761592753427541 0.6174831537292103 0
3.648321363757296 0.5556070023978612 0
3.646688506485549 0.4233651732591701 0
3.535346150027465 0.4922291411064998 0
3.650436320017532 0.6867435616713795 0
0.420686895653279 3.124131996213873 0
0.4881295012668239 3.238145210108722 0
0.6174831537292103 3.238407246572459 0
0.5556070023978612 3.351678636242704 0
0.4233651732591701 3.353311493514451 0
0.4922291411064967 3.464653849972534 0
0.6867435616713795 3.349563679982468 0
2.429454076830274 1.01260175405371 0
1.012618052076355 4.570535577987942 0
5.995394253487548 4.48933127542894 0
5.886309051604963 4.553043051792419 0
5.887475701307963 4.430299025803272 0
5.777067222424506 4.491197283378074 0
5.777409831262621 4.616531810838524 0
5.668255261192311 4.554129609957712 0
5.667501929397005 4.428545307826441 0
5.559149919393543 4.49182180222568 0
5.668806263096715 4.679662672721021 0
5.558430457119336 4.36638890001755 0
5.450219680875438 4.429715182646096 0
5.450876301865859 4.55502325967718 0
2.219190446989422 6.254929302321782 0
2.105882502962472 6.318753623149684 0
2.218382098014677 6.384836184245221 0
2.102580996766613 6.446349034750437 0
1.990487490354476 6.382594872977459 0
2.215838660840713 6.530926870749807 0
1.987531797172683 6.510904076564805 0
1.875345867559672 6.447142553736462 0
1.874117804030336 6.579847409440271 0
1.760382150308108 6.512557197635971 0
1.761792802271053 6.383127497629717 0
1.645745172423968 6.446946741180485 0
1.644705844639448 6.578035748101291 0
1.530874339942324 6.509363456772908 0
4.445643545370429 6.585001387149436 0
1.531899928957689 6.379201127969136 0
1.418031177080773 6.441217703587268 0
1.419951243815619 6.310359894744263 0
1.305647871844942 6.373168581868712 0
1.303174961137619 6.504045093518821 0
1.19053260209205 6.435969476706949 0
1.187414903327157 6.56819988013755 0
1.074614679691398 6.499222227033065 0
1.078408242208361 6.36757753298933 0
0.9623454817655599 6.430046971278053 0
0.9583412044337636 6.562192233034448 0
0.8453928986949903 6.492718292715742 0
0.8497957966468013 6.360274898080854 0
0.7325176932863058 6.42287214358289 0
0.7367310306447208 6.289522339310075 0
0.6194382945143158 6.352662170306886 0
0.6236352371496596 6.218779590190799 0
0.619064239184306 6.492006028632027 0
0.5057256576989468 6.282272658166448 0
0.5101899639736045 6.148452375124204 0
0.6279401618063458 6.085251761717974 0
0.515139375027192 6.015069732018198 0
0.3912880152040028 6.211539499168108 0
0.6357187975591811 5.948981215730601 0
0.520671197179718 5.881894627539345 0
0.6416642655917961 5.817098590361795 0
0.525782552190996 5.749859916068603 0
0.6473788545905892 5.685957110008497 0
0.53073262028586 5.618346681028982 0
0.4165243018016684 5.812456687965771 0
0.3870285945227927 6.346501123822959 0
0.6468844100937758 5.556545075933239 0
0.5347493452400878 5.486555352093438 0
0.4174285120635974 5.548974250156014 0
0.4222290208828694 5.416350672600982 0
0.5396736143757561 5.354382746125337 0
0.4273827705873372 5.28361331855414 0
0.5455052534477463 5.224876223383545 0
0.4332168465179982 5.130114807559043 0
2.32656134945789 5.936715208152419 0
1.628284655909448 4.566832853261474 0
5.187489482439881 2.105948329560246 0
3.879150154939892 4.186544814961315 0
4.812980093805676 1.879801054411677 0
5.105884248751242 4.817661938636965 0
1.879801054411676 2.187019906194324 0
2.812971152293078 1.879862719567849 0
3.768169970644044 6.594313405501301 0
3.654188019871449 6.518689169163248 0
2.353185371647646 5.438441193565174 0
2.796582258028174 5.54876443972614 0
2.010474984024126 6.647718067772526 0
4.672204269461592 5.807715473721869 0
3.509886272382368 5.435794131871481 0
1.533314921423203 6.634600206778976 0
4.233769431268872 5.550366326280558 0
0.8538415326762268 6.227777571880978 0
1.564658614014022 2.67536910823282 0
4.324630891767169 1.564658614014023 0
2.324699292317685 1.564876082769159 0
4.231758391901213 5.67673379155225 0
1.564970945393739 4.675196620060546 0
1.690123159395661 4.675459067529577 0
3.768398033342407 6.31929321820239 0
3.633844960654049 5.660124541932603 0
2.342698765269923 0.7976136139837791 0
0.7976046287247809 4.657290824412409 0
0.6566956274654023 5.292885082303056 0
0.6642840322522239 5.175577774402608 0
5.867793681674891 4.211672740494706 0
3.004915587055657 0.5577985332107356 0
3.073371576443303 0.4438405711235052 0
3.137858566947509 0.5585512720689891 0
3.20589645672313 0.4443734994235324 0
3.271913293127469 0.5592532750968342 0
0.5577985512932901 3.995084375632866 0
0.4438405741372682 3.926628417338116 0
0.5585512755850432 3.862141425797478 0
0.444373500511837 3.794103541031272 0
0.5592532758642239 3.728086705289092 0
6.441779500531505 3.004781899934218 0
6.552249050967772 3.071728193457174 0
6.440350919674135 3.137589195920413 0
6.551908751096675 3.205725766471061 0
6.439617654116796 3.272049809057813 0
6.55115804577986 4.679664815261525 0
2.741995587119709 0.3283526117491617 0
0.3283526143825961 4.258004400312731 0
3.625390434281805 5.445343694530146 0
1.503440510842011 4.349804804822255 0
1.62906411548918 4.349926753930845 0
4.650516194106408 1.377887430586084 0
1.377887430586074 2.349483805893586 0
0.6168751301645718 4.785898284843709 0
0.5517382830713684 4.896023584768681 0
2.214163410119218 0.6231349697397555 0
2.101651902856964 0.5577335054995682 0
1.991307317926846 0.6191757951921879 0
1.989580567491442 0.4891829065421085 0
1.876876400456077 0.5541381649809685 0
1.87705959252781 0.4284494660242864 0
1.762006353454938 0.4902057120688523 0
1.763531388895834 0.6185425708893435 0
1.647494853537766 0.5547217185716127 0
1.646324900199871 0.4238573278072884 0
1.532782552716239 0.4917054524647728 0
2.12220058833016 0.4273971275405333 0
1.53396931430381 0.6219804149900825 0
1.419801552968862 0.560013889990743 0
1.42193741222681 0.6904944419348715 0
1.308443160280835 0.6259871634101604 0
1.305196897085138 0.4960187733463775 0
1.193405105395636 0.5625512596265745 0
1.189634743567058 0.4319293778831272 0
1.076762343806556 0.5007610223457646 0
1.069175278525302 0.6435532344527268 0
0.9582007763774127 0.5655210927842691 0
0.9594608190249647 0.4367598182543153 0
0.8463211739217193 0.5063796641059759 0
0.8462132346391309 0.6323560075804773 0
0.7335144864955252 0.5755873281698696 0
0.7374659211695791 0.7086299708735844 0
0.6211533096766773 0.6463725078469631 0
0.6252926281104267 0.7801644076061089 0
0.6213774066338145 0.5069722696235828 0
0.507828817262773 0.7167687958306423 0
0.5123205723456663 0.8504056020784088 0
0.6296013234533078 0.9137157072598594 0
0.5168984479299854 0.983650994128062 0
0.633921106853621 1.046299683182803 0
0.521514351506795 1.116943551110372 0
0.4036323761763434 1.053994592503717 0
0.4115744909356862 1.18165980367345 0
0.5269123496051362 1.249177240076734 0
0.3963409995627516 1.315781042445137 0
0.52860349528788 1.381815630047825 0
0.4190265471950183 1.453988094714882 0
0.5359693298704276 1.515599322959357 0
0.4286837238167305 1.585354714317479 0
0.5417795656565825 1.648927773102656 0
0.4360884878393141 1.710770054443948 0
0.3886678964527093 0.7870597520277398 0
0.3886819029961348 0.6524798960727196 0
0.3070153259353701 1.532319878471326 0
0.6444857383990543 1.311804325055342 0
1.535150121952243 0.366421324693988 0
0.2931004398159334 1.118124942317177 0
0.8579494404122325 0.7751506801002037 0
2.654456150782567 1.376519959092828 0
2.542698203463154 5.330072767665921 0
2.668803725060437 5.329486517675218 0
3.121646627804202 6.339151189209074 0
3.189207783620952 6.455142768179733 0
3.322900156550533 6.455871941038252 0
3.255879175408583 6.572468398620417 0
3.39060149796774 6.573019448992729 0
1.001465396118169 4.255033569109125 0
5.998298443051486 2.744754022888042 0
5.997017136094165 2.618918683059463 0
6.106278519962232 2.554922732263594 0
5.995892273839699 2.492540459311146 0
5.886950288723956 2.556606572844635 0
5.885689108914704 2.430448209610992 0
5.777145656800913 2.494621418382827 0
5.778232378962363 2.620508824518086 0
5.668815594502543 2.55842467341588 0
5.667627545327449 2.432820010563717 0
5.559521889359218 2.496537748831256 0
5.558394338560258 2.371108266122919 0
5.450388796376349 2.434814770714911 0
5.451465383270777 2.560139070822032 0
1.252683612537588 4.348630609606817 0
3.499584794363592 4.348084790167574 0
3.624650287914175 4.348371184217191 0
3.375859085090601 4.348601378893658 0
0.7491962048845746 6.019642927175145 0
6.645795516432763 3.991560183097832 0
3.990972437800589 0.354090040392733 0
0.354090040392733 3.009027562199411 0
0.7375904985871031 0.9766681457705206 0
4.226290145373148 6.320526051713036 0
6.668930388596639 2.874263219680337 0
5.342033732810331 4.492966232933922 0
5.342714439988164 4.618180954933389 0
5.341439169446265 4.367684636249252 0
3.116554348329603 6.558424503515398 0
0.8448245644783632 0.3728023863831389 0
0.8449271142027568 6.639148273634181 0
5.342427285763922 2.498416827107172 0
5.341311025214743 2.37315649027189 0
5.344198757298741 2.622455816915765 0
6.104533076749648 2.429206257597527 0
2.326154023699821 5.810369807534515 0
6.635099844356994 3.53027888775346 0
3.529671528745416 0.3643867964645171 0
0.3643867964645144 3.470328471254584 0
5.997749312074979 4.742449924972281 0
0.7566354308047374 5.626602788211834 0
6.200005291058522 4.337149469032836 0
5.452602271333542 2.685178903566861 0
3.661664395825201 6.662426765572198 0
5.669818487408009 2.683984238025292 0
3.64636755904957 6.117710861727719 0
0.6529011492333296 1.577937300712376 0
1.316844394783477 0.351248009793359 0
3.311950043271954 4.456099093929318 0
1.315129412806578 6.649025369116793 0
4.217676924786483 0.3529882041722416 0
4.333780291596847 0.2851428920640604 0
4.466087397485796 0.3403874435509224 0
0.3529882041722416 2.782323075213518 0
0.2851428920640604 2.666219708403153 0
0.3403874435509229 2.533912602514204 0
6.32660207256786 2.553411396463412 0
3.884470071460938 6.656153567394481 0
0.6596404743604056 1.706213378660814 0
5.933203002170878 2.110887155946573 0
1.068317643089256 2.108190366525751 0
4.891809633474249 1.068317643089257 0
6.881481572552286 0.2106300708650961 0
0.2112254842315329 0.1061955704388975 0
6.790574888851428 6.862349180528891 0
0.2107226707704042 6.893544316084223 0
1.887439886663847 4.801172074097423 0
5.187645005410556 4.103431050929006 0
2.18687933513197 5.106026492016474 0
5.45327011195425 4.677307606479152 0
4.008173669284149 5.546732138361181 0
2.860409487483611 5.659061670990159 0
2.926611656557053 5.547857165193678 0
2.455979238545005 6.114381295765122 0
6.666875756619183 2.74233403106377 0
4.672349445337774 5.552825719955689 0
4.672247634651333 5.42677363260167 0
4.56347364172538 5.363044123461115 0
4.790816642079808 6.648119893190634 0
4.906307224088797 6.580259108807974 0
4.678875883977237 6.716181546443338 0
4.906416851308601 6.449206096739903 0
5.02094905750982 6.512180091857373 0
5.020960588938559 6.381480942437774 0
5.136122279800869 6.446186305426748 0
5.133037006716569 6.571696540574271 0
5.251099313083122 6.509726977430789 0
5.249820865725009 6.38256420490177 0
5.36659076655595 6.445321829552022 0
5.371963703447603 6.569713225568503 0
5.481594056376473 6.506519631085546 0
5.480023474319628 6.377247266334884 0
5.59421310134949 6.437991078838516 0
5.598022968568255 6.569382437258442 0
5.710511173581823 6.500515421891636 0
5.590506035302596 6.307002567185458 0
5.714858151905033 6.632695220164969 0
5.827838018920176 6.563676712874628 0
5.823562328536445 6.43117018628148 0
5.940403436773138 6.493907714604659 0
5.936499428756532 6.361990084835677 0
6.053024218153428 6.423915760442069 0
6.057244859276603 6.556745357008857 0
6.169531821667843 6.485597641479286 0
6.1653372971398 6.353322496376828 0
6.282211609312208 6.414817167389533 0
6.277775950902361 6.281999382336396 0
6.395328079055314 6.34432813196126 0
6.390613160807971 6.210730725262822 0
6.387545886278405 6.481622732827705 0
6.508711549202741 6.273380884503291 0
6.503660148476326 6.139943870675046 0
6.385678939440776 6.077264991585695 0
6.498165692621916 6.006529325697924 0
6.385006244506891 5.951753582092499 0
6.493412128075562 5.875053394640026 0
6.361153190824041 5.823091858438751 0
6.48500612071633 5.743735144341615 0
6.370360338011704 5.680208819744049 0
6.481602151385647 5.610284937879638 0
6.610841166451962 5.935312793661169 0
6.362437438409692 5.548807006339883 0
6.476199241560659 5.478528604138415 0
6.356861886661457 5.417382277635607 0
6.471019138804715 5.346527415199092 0
6.588699984968194 5.408199009296316 0
6.583500647118957 5.27495615421372 0
6.161218986894459 6.21947996428216 0
6.622662254772655 6.202502155311951 0
6.630764036656002 6.330303183864018 0
6.274115992943409 6.023641814844948 0
6.611519704669396 5.663986693314945 0
6.252876707950866 5.618505129159313 0
6.168655227849715 6.616640906132852 0
6.356629329640095 5.288856837548885 0
1.250774729126258 2.783366878223074 0
4.216633121776926 1.250774729126256 0
2.216687948454854 1.250845725203507 0
1.250866452227178 4.783305428660922 0
3.569720548482361 5.327655404394725 0
2.220237807350298 5.745500930280938 0
6.667537489662024 2.384474690482971 0
2.533339617993263 6.675548158756559 0
2.450263819710593 6.544360397870672 0
2.408060272356912 6.669947336848336 0
1.685605964454317 2.673381809861363 0
4.326618190138625 1.685605964454315 0
2.326688794594124 1.685804044574937 0
0.4856511052469634 4.786710922158097 0
0.4245615326355621 4.894486778541877 0
0.3588342839416856 4.778570925072634 0
1.686765328216028 2.461137714308782 0
1.627618623868234 2.350865181503166 0
4.538862285691205 1.686765328216034 0
4.649134818496822 1.627618623868243 0
2.538906665245371 1.686995643086445 0
2.649211022524465 1.627878315440146 0
0.3170769459184508 5.222835278566592 0
0.3107089634511535 5.113394207106515 0
1.186291884489205 0.2991101458447583 0
5.664219143876036 2.311166429633853 0
1.18406012298454 6.701494479230623 0
3.317694223395558 6.682478548078643 0
6.555028147872145 4.41606768041702 0
6.663575816408102 4.476490792198089 0
6.670306817716223 4.347903614392134 0
3.452499635168312 6.455121527921081 0
3.666241874944823 5.86122426476866 0
4.239859189051409 5.423888378659703 0
4.34528980438329 5.361327850167874 0
4.241171624766094 5.295049937963971 0
5.350718159406306 4.732872468881319 0
3.567728200742294 5.916493458394283 0
4.335176953543486 6.515985507914634 0
4.330944726965687 6.654958936324565 0
6.054365140608721 6.684184271619886 0
5.682008554989974 4.300058506261536 0
5.83497610680539 6.688139160264869 0
6.555957681782212 3.334061562080533 0
6.663758901348432 3.271707792917258 0
4.66973413825786 5.305951848736993 0
3.333869841723987 0.4426455493996642 0
3.272492677908812 0.3312857026677016 0
0.4426455497089421 3.666130157637841 0
0.3312857027525888 3.72750732191604 0
2.479684420899642 0.33144220105111 0
2.345891073173429 0.3343209479741205 0
0.3355109431994503 4.520289035186439 0
4.649652189763916 1.005713964749524 0
4.543146623993795 0.9384842614013333 0
1.00571396474952 2.350347810236083 0
0.9384842614013276 2.456853376006203 0
3.437708059028464 4.243528683968075 0
3.810975756277605 4.894182178629112 0
5.815094555306864 6.305974343281578 0
5.914886210478078 6.21914860555677 0
0.2113384659455217 4.192464194231909 0
0.2208413972007728 4.328905403424518 0
0.2157611822480048 4.056815605753266 0
2.807535805768083 0.2113384659455222 0
2.671094594480882 0.2208413967618661 0
2.94318439296432 0.2157611819792824 0
1.566182375696741 4.245302864469378 0
0.308721848325475 5.481126264161036 0
5.235919424822887 2.558887090347648 0
2.621594927010237 0.993595322794639 0
0.9935175396595266 4.378583233497904 0
0.9554286482678309 6.69618142172816 0
0.9622393242780083 0.3114749203290748 0
5.596700882619684 6.693695149521773 0
6.699878573979046 3.640794295303389 0
6.437039713404832 2.489970659598733 0
6.55215420646325 2.552148704555381 0
3.438533128866392 6.671524138328127 0
3.640333116043147 0.2997837642248706 0
0.2997837642248697 3.359666883956853 0
2.29169291610897 5.54219259874964 0
6.696655891185374 5.339317072967237 0
6.702225940556946 5.464901660870404 0
6.68830005460404 5.213582096207004 0
6.576597005750951 5.142727202387249 0
6.685844651487995 5.086084074100722 0
5.234655998452431 4.681336597216127 0
5.55808585210657 2.252139038434022 0
4.563663977975926 5.24409132480514 0
2.560342977274887 0.8872633135907653 0
0.887257754536936 4.439685956272913 0
5.231894579196456 4.426259811606273 0
1.768616650510264 2.359673726833272 0
1.691129396511034 2.242413319891543 0
4.640326273166719 1.76861665051027 0
4.757586680108442 1.691129396511047 0
2.640357350237596 1.768776799144977 0
2.757683265363847 1.691414421355377 0
4.907680942665605 6.73344847224593 0
5.559495059859104 4.244474564808762 0
0.2920880448741743 5.629462121505155 0
1.313838237075759 0.751567981480894 0
1.311315125717329 6.24707960871646 0
0.7577452843596109 5.002322914761553 0
6.562088323704113 5.021530908310613 0
6.677605434412665 4.965368242647429 0
0.2991979347654805 4.894510537053145 0
2.663080983935403 1.12102426821568 0
2.80790667674239 1.109208753465047 0
2.753821970095155 1.212155099111166 0
2.231506452424511 5.437775425729354 0
2.297077644084151 5.332717651046871 0
2.274157974659823 0.4359923394585596 0
4.662886865110021 0.8772001825346245 0
4.544824986994652 0.8152926285547402 0
0.8772150977675697 2.337173231397437 0
0.8152944041777062 2.455182167351471 0
0.2811515529847997 0.9904788859180056 0
0.2710205398538807 0.7213596229787012 0
0.2692102860721777 6.278118612406116 0
0.2764884596541566 6.141218812842401 0
2.329956830045391 6.18486301918508 0
2.329045834241131 6.463154571868111 0
1.63554806468049 0.2897721166120695 0
2.614994910641962 6.793323516813706 0
6.32744458745223 4.419018794877757 0
1.651707359297076 6.699162356240831 0
0.752581087554212 1.110886683550961 0
6.742826435432638 6.265503006913528 0
3.891860648313725 5.487090481668492 0
3.792959378335522 5.535060213447418 0
2.419220262636953 0.6760353938528381 0
0.6734511237938845 4.581975688472499 0
0.1706694289468205 1.080381165245472 0
3.797869467603423 5.420377766071873 0
6.821031904047933 5.400521126576222 0
6.779110660545609 4.402828041152392 0
6.776699214163454 4.288146753984813 0
6.243317558185906 5.356448936311093 0
6.234476925903085 5.234891144959452 0
2.455979814727668 5.878030992545311 0
1.427597617853474 6.184293347486892 0
4.35767773291913 5.219527062459628 0
4.242420986859939 5.18594992440549 0
1.429098220750195 0.815968077954655 0
6.711892426297553 3.875422238376575 0
6.780250546476003 3.991699960060773 0
6.717247129274474 4.098570030996147 0
3.874681233712379 0.2875740932645519 0
3.990991679008247 0.2191412701191817 0
0.2875740932645519 3.125318766287621 0
0.2191412701191817 3.009008320991753 0
2.338538256896697 5.670615264704427 0
1.877057236036924 6.711376921224919 0
5.781878667056967 4.743967401943305 0
5.67649040912129 4.80508944838409 0
0.2682446518491681 0.5849936864481164 0
0.3853522591783394 0.5159536830427909 0
0.2662522453017968 0.4507236707457061 0
0.3827588262283945 0.3786785900443497 0
4.454298694778386 6.707225293322568 0
0.3328057070704995 2.389390642073148 0
4.610606366734495 0.3327965192981024 0
5.783016456983673 2.747425208045118 0
0.2674599015194383 6.41137482527804 0
0.3833694769754192 6.482904664164431 0
0.2616238917382123 6.551164400128176 0
0.3795695882015622 6.621001322276013 0
5.339544886182107 2.746151588900647 0
5.99437582454876 4.3691155088067 0
3.252853934505219 4.342463601541256 0
6.78916193846686 2.324604476961562 0
6.786651236346154 2.204068599025344 0
0.1411634742808512 6.218197517220785 0
3.769372005637507 0.7433010747740858 0
3.665908683389468 0.8127340695520324 0
3.890548590827045 0.8045813678633413 0
3.534583092192486 0.7590892842041592 0
0.7433010747740858 3.230627994362493 0
0.8127340695520324 3.334091316610532 0
0.8045813678633413 3.109451409172955 0
0.7590892842041601 3.465416907807513 0
0.2196297287318041 2.338051432297904 0
0.2140892155415823 2.20589635421901 0
4.661947842317236 0.2196264835418136 0
4.794103397387935 0.2140876049990181 0
6.256349338724839 3.769977052362314 0
6.187054021058936 3.666329924796575 0
6.1952751266503 3.890838512676425 0
6.242201028145736 3.536646417246064 0
2.738639500015146 6.793464430637009 0
1.12461376054617 4.330599984805513 0
0.8683792007087296 1.030696810130538 0
0.9047476197916362 0.9109147922898773 0
1.022377785326421 0.8744038007736465 0
1.116440191324149 0.7735719219191695 0
0.7663584711797062 1.243821268603597 0
0.7697005752376134 1.637483386613642 0
0.7759699173955887 1.764027992197934 0
0.763862354812435 1.507546771599398 0
0.8732263811313339 1.435260541261874 0
6.44337232002867 3.414974280646685 0
6.330847342119554 3.337454995821739 0
0.7640812985395091 5.496141752757035 0
0.4941497208538044 5.004810561062072 0
3.414700130972962 0.5559679506527822 0
3.337296046365358 0.6687357083595624 0
0.5559679508065907 3.585299868709662 0
0.6687357085130978 3.662703953317832 0
1.755698694114604 4.566162634896164 0
1.815387136075179 4.679798460920269 0
1.817162783710691 4.453687109574189 0
2.605779423183629 5.220324370415584 0
5.471871191334026 6.251065219177923 0
5.577491757456166 6.182726976949212 0
5.350711246320957 6.206535852392506 0
6.120812527194865 5.30207746555179 0
1.689992171931215 4.250082022469087 0
4.758015423398808 1.566086831721342 0
1.56608683172133 2.241984576601181 0
2.753809073519899 1.561128005223052 0
5.446283278889243 2.810146860925355 0
5.222858962218027 2.796604737510922 0
3.513264765790639 6.111558249308761 0
5.677281572324549 2.810622724109296 0
1.437150308754536 4.24420382856175 0
0.2622236325471183 0.3129561390162157 0
0.3776695045112604 0.2409482092321915 0
0.5010307911457819 0.2911334990946672 0
0.6194831416919397 0.2073980195310465 0
0.6195722876286403 0.3588756137071889 0
6.741476343504683 6.132718819743173 0
6.240016216138935 5.48921515680332 0
6.126729794137643 5.559321876600598 0
2.863718989928913 5.437652150244233 0
0.9894498106103686 0.7538851169043226 0
0.1892708362968452 5.526655999969932 0
0.2340646293694659 5.762618631285122 0
3.187346823621685 4.450260062627982 0
3.204920042180666 4.224925581149543 0
3.248961502588719 4.564079314913496 0
3.18016445224798 4.67668575615539 0
3.303971210727052 4.677007731796825 0
3.245696047796817 4.790009123183303 0
3.196244806085458 4.90332580673929 0
4.781432110978695 5.493338769132364 0
0.133309106727062 0.7784646232479675 0
5.694726469277724 6.24566904282438 0
2.212372535685207 0.324345017714875 0
2.079931091483494 0.2837619129072966 0
2.275265992240283 0.2181030274090245 0
6.803242127201167 5.542072910012706 0
6.743251908545596 5.654278743084465 0
6.792150611686685 5.773328551102718 0
0.2589670050490627 6.686096850260935 0
0.3754669743209305 6.758442050249497 0
0.4987079159149572 6.707730666109354 0
0.6194691176144529 6.790926087850087 0
0.6175776989544213 6.639694334992766 0
0.7362156935855975 6.721203102038756 0
6.002000387489082 4.865680350660385 0
6.274515761276693 6.149703681149886 0
6.162823006267684 6.094602663497551 0
6.163906247939877 5.958107081568678 0
6.235922879554089 5.850871447516027 0
6.048312099461833 6.165912143844758 0
0.7414736818263652 6.15556778057633 0
0.8540831125927388 6.10187710532541 0
0.9626430090933384 6.17431253283222 0
0.8865966386549875 5.965237465330015 0
0.7652890296395838 5.880515554434148 0
0.7328258507494905 0.8438657927491398 0
4.768278991682184 1.064532737418658 0
4.760651164189777 1.190264954685689 0
1.064532737418656 2.231721008317815 0
1.190264954685686 2.239348835810224 0
6.443811061528237 4.337375986187631 0
0.1962008129446682 1.204167778425396 0
0.2572185290253604 1.312520406485499 0
0.6486800455704276 1.443742430754014 0
3.445048668961999 5.326537355560479 0
0.6409621841830879 1.179822125263302 0
4.781680167392508 5.872663781993844 0
0.1317778006626789 0.501013366426589 0
0.8863636467170632 1.690607979157631 0
0.8736140107828785 5.564449179769996 0
0.7756186987846467 5.366527563974797 0
1.538334369452338 6.251823834506078 0
1.655740854505876 6.200439233422829 0
1.540131496550576 0.7495304431423668 0
1.657983348369444 0.8023929219542447 0
4.117499436976168 5.465049344162587 0
0.7375082785855795 0.2970440667099403 0
0.671165531768759 3.798354357227417 0
0.780290035797115 3.736204340545481 0
3.201645641246703 0.671165531029263 0
3.263795659147405 0.7802900356482758 0
6.328240428845655 3.201602450446677 0
6.219498083960937 3.263942061921749 0
5.237019406332027 4.801372544044208 0
0.1300645065946604 6.503605220505332 0
2.989668216779998 5.658888638611259 0
3.055091400373047 5.547200144870754 0
4.118918758432907 5.738624401425687 0
5.802016742570627 6.885352027070444 0
6.230211877095504 0.120431483965624 0
6.299774777720605 0.2401185410866726 0
6.437626539548559 0.2403294222660772 0
6.367998087986141 0.3586123756760982 0
6.232259908902127 0.3588994445579052 0
6.299279921099388 0.4755352863085829 0
6.16564074457662 0.475624257299605 0
6.231968688562895 0.5915994026058242 0
6.365124429448661 0.5917292366581473 0
6.297696423712179 0.7063395793670386 0
6.428666038661185 0.7083581463902053 0
6.363211817003871 0.8218804969917879 0
6.099014072411225 0.5906545962874201 0
6.032757844535503 0.4760682238855334 0
6.493949077168113 0.8238602546517728 0
6.428540874979755 0.9379021971491293 0
6.49857872533955 0.5999248754876056 0
5.967008110634659 0.5907011720505047 0
5.900470276948276 0.4764039273516918 0
5.835297524515726 0.5910345409134612 0
5.768382791888699 0.4772076879829199 0
5.703025202033315 0.5913734832430477 0
5.636275833285527 0.4777242526624241 0
5.571029569247244 0.5919622473399402 0
5.504232656076852 0.4774921454704923 0
5.439886561540637 0.5933438802794786 0
5.372089189787658 0.4786523573537069 0
6.556995102684491 0.9357998326225827 0
6.494439636658587 1.05289153001441 0
5.437938944973011 0.3623078625596152 0
6.296831684170884 0.9367001858664987 0
6.032782471762038 0.7041557296122356 0
5.83128452076769 0.3609802568067613 0
5.637566721892282 0.7053762236275034 0
6.504793138765498 0.3594377568241418 0
5.304461377974224 0.3634723379360874 0
5.23859481951258 0.4791741700605283 0
5.158156286258368 0.3430427090845924 0
6.643880411140715 1.045941361235115 0
6.562768240234716 1.167562604378257 0
6.426866439387712 1.167919892771592 0
6.492766372391929 1.282971481220571 0
6.360641384207471 1.28213971121016 0
6.425122637227397 1.397449175974534 0
6.55753718134782 1.398557816074864 0
6.489594471902159 1.513152184637808 0
6.619205399016175 1.51237181061074 0
6.550134285725636 1.626196967875166 0
6.421106228063885 1.626746771611132 0
6.486355595302131 1.74156619162077 0
6.638417178918706 1.739854642378545 0
6.294058129083536 1.396800407232113 0
6.616099633120546 0.8276007947831157 0
6.70661495959461 1.177615696965336 0
6.36092829863263 1.736308943760979 0
6.301114284006276 1.163383323971124 0
6.296435663866219 1.625173027470513 0
6.229435480693181 1.740705688262938 0
6.553588249351565 1.831106471951068 0
6.671114707654147 1.870817430297716 0
6.685191036253748 1.399582951313617 0
6.755431472548871 1.52635360752864 0
5.358948060994337 0.2261437921998182 0
5.503794372406213 0.2461156233116797 0
5.104704343700364 0.4800074422864031 0
6.362926238692317 1.051355691210043 0
6.232111319506878 1.049240600855653 0
6.171245055093218 0.9337921900503119 0
6.356798948269672 1.513154577509713 0
6.217977903178497 1.267770906652963 0
6.155636278169237 1.385976382746734 0
5.90194699058117 0.6995990467428022 0
5.978340525258064 0.8071369478384507 0
6.106886643515701 0.8144927600876364 0
5.769792093447504 0.6989663683239704 0
5.717516540032801 0.8062116718169765 0
5.572463165119005 0.8193180937736488 0
5.506558270758786 0.701028259525418 0
5.376101375509755 0.70212505403464 0
5.307904817506551 0.5943939016352737 0
5.252400099228036 0.7052261148167935 0
5.334779698197158 0.806387264108321 0
5.202963492377032 0.8143554933383865 0
5.171332038873381 0.5960808909101125 0
6.568037460046126 0.236423827415114 0
6.645210531352244 0.3560270491509381 0
6.232771129705402 0.8199419265856491 0
6.160674894380536 0.2403438977679175 0
6.025182341654531 0.2407084292801649 0
5.951785563028995 0.1202352896319545 0
5.812129274189589 0.1214935969183175 0
5.754826910251142 0.2449975478465993 0
6.893958733251916 5.112431904174493 0
6.876336801043019 6.225080792337438 0
6.772158295120693 5.995727531733903 0
0.9069582762379653 6.887723954877516 0
6.888195652199752 1.883802204459939 0
1.185614376062167 0.1437037582323795 0
6.856647359782018 1.187041202921054 0
6.87915019347018 2.59068199500548 0
6.762473306224651 2.527967401544035 0
6.888053179705228 3.709545489422843 0
6.095099026400135 6.883978417433201 0
0.9084491812503934 0.1189029705315838 0
1.184705066059269 6.856356592266432 0
6.880764954312159 0.9090196957263115 0
6.764045881058546 0.9774588149257815 0
5.102881323873712 0.1177116002613885 0
5.044517681408062 0.2383082484084196 0
0.1208529300485877 1.890676584912278 0
0.2384706694652188 1.956614866282291 0
0.2343762255322863 1.820682382470494 0
0.3417489020521316 1.88457075114772 0
0.2362161803799858 1.665745368104707 0
0.113660753248924 1.608588303784662 0
0.1066351623451314 1.46869162491534 0
3.709400914142667 0.1118315419710463 0
0.1118315419710463 3.290599085857333 0
1.471223607014866 0.1219296678272488 0
1.395587321238207 0.2309836124888576 0
0.1154425962731938 4.689670813876811 0
5.529439513540809 6.88851958660698 0
5.469887501227513 6.761635595971322 0
5.323914784652859 6.766350707979707 0
5.252215044976746 6.879241301733205 0
5.184400988893274 6.76706105826996 0
5.051987468665736 6.760994141625912 0
4.974727133006984 6.8740448050981 0
1.468689753953661 6.882999272083151 0
1.394025552828754 6.77001038392933 0
0.1048196718100876 4.969860737191345 0
2.049452007155197 0.1402478834308591 0
0.107655108280976 5.252537201935166 0
1.750657278492309 0.1208640766153528 0
1.82735701963607 0.2294202547424327 0
0.6529504990831967 5.425506262197817 0
1.738714534254497 6.885674904652313 0
2.029352653338385 6.879130189239523 0
2.099358064104568 6.759175311129194 0
2.232287682736994 6.767653429473247 0
2.307575470537315 6.888047226606923 0
1.876962298657271 6.32051181866479 0
1.990437816350843 6.235505539028498 0
1.878169016936923 0.6807369198887399 0
6.16685323827824 0.7045306657576336 0
0.5550004656948069 1.767232064965139 0
0.9973831856431059 4.132977552518887 0
3.010477927081234 6.879032374799184 0
2.942804241552194 6.760873642105318 0
3.087117372417153 6.775418281565125 0
3.850869360486155 6.883187839756344 0
3.782013878889667 6.747346803165323 0
5.704648467274362 6.369512030952809 0
1.197069712638953 6.311082133832775 0
1.094993942883526 6.224402306544588 0
0.9676408349474541 6.298416354147729 0
0.6196451201342281 3.462420110830751 0
3.537579889116352 0.6196451201085917 0
6.380351579843159 3.53833118938242 0
0.5538346485781354 4.662984216070687 0
6.046546373480687 6.29062817588971 0
6.370301625509061 6.879435997533523 0
6.439916974193373 6.758936971162953 0
6.578652134255881 6.758719215642406 0
6.515726265022588 6.642766808451432 0
6.644759848871767 6.637291777140424 0
6.585678858549912 6.531149438905143 0
6.715481366823967 6.519078155536928 0
6.377073307908093 6.632877398147777 0
6.309798865313992 6.762336491068966 0
6.705781373096959 6.747066551773674 0
6.879508824920594 0.6300668431574663 0
6.766042215103296 0.5613078847667068 0
6.765208546042267 0.6932524479446114 0
6.642093919536521 0.6095980891439474 0
4.789444030333567 6.384913387019179 0
1.990774462944698 0.7653277026133058 0
6.002437457758498 2.866900866143561 0
3.29778152821078 6.889469763978486 0
3.590751403438621 6.882321216656186 0
4.67183734233617 5.679883051315795 0
4.781603386341455 5.746071382471862 0
4.453746435668534 5.298736829360458 0
6.856937322384742 6.512308309548193 0
6.213982948642713 4.482944521089453 0
4.44987902617699 0.2137434717020552 0
4.336025444186925 0.1544957909928995 0
0.2137434717020552 2.55012097382301 0
0.1544957909928995 2.663974555813075 0
2.539392921826586 5.9922654415947 0
2.486331373310751 0.7835431953278622 0
3.381420907206768 5.436299183588232 0
3.380329833443644 5.216481424296113 0
0.7831069846767291 4.513870307597967 0
6.88420753189705 3.427043521116574 0
6.883780947734072 3.282735410758975 0
6.882478933129295 3.010118080532687 0
6.771475779421449 3.073449790914232 0
6.886031549614688 2.872356422025042 0
3.426961878204092 0.1156761516981262 0
3.283693597767839 0.1146559977043777 0
0.1156761516981262 3.573038121795909 0
0.11465599770438 3.716306402232166 0
6.885162537151247 4.830468222621255 0
6.879307032855182 4.691553341826196 0
6.775760814033687 4.771466723680454 0
6.766718149769132 4.650054417301602 0
6.879704522829335 1.606125215012515 0
6.765827724971034 1.671332128023931 0
5.993642085257779 2.367685713635149 0
5.882829855450864 2.30788185554688 0
4.685805906201526 6.857555768446442 0
4.54116827422792 6.887576566720172 0
4.269233135367893 6.88400893235473 0
4.129751599067284 6.880687363589926 0
4.058011523662084 6.77322770725765 0
4.211023564306219 6.741869735852943 0
6.212498581925002 1.511243126218057 0
6.134278799119048 5.687642577659986 0
4.453827093942993 5.42492988171022 0
4.116730286691481 5.867117996518469 0
0.7740442085178776 5.239970463058386 0
3.78257693003939 5.802120420059079 0
5.132946693890871 6.318655142603275 0
5.015088012736943 6.234943220163432 0
1.314260582650081 4.67480373400922 0
2.325086520442537 1.314221693727931 0
4.340446709295987 5.869335040437422 0
1.752330418822279 4.787741533024994 0
1.31403000239513 2.674874573488943 0
4.325125426511055 1.314030002395128 0
2.417564177515303 5.330709929416086 0
2.35992858053224 5.220538530599707 0
5.563640052434675 4.739098912794658 0
5.563868159119634 4.877034694178887 0
6.879925027101722 0.3512293337828822 0
6.770869399188405 0.2802064391846759 0
3.319747302529246 5.99599495249064 0
2.86765548056397 0.9981261367621741 0
5.888244985553226 4.67855910781851 0
3.369112446287034 4.786630468346608 0
3.650878119653142 6.385113776541472 0
5.78706906010099 4.37553900911903 0
2.733472731805707 5.43871167873451 0
2.798699532846987 5.329052100739414 0
2.867898900862027 5.218501076084638 0
5.775328464263654 2.37003397232142 0
6.217193898739478 2.617678327517838 0
3.886051578883547 6.25517919442299 0
0.1203145537156396 5.811609080074534 0
1.439722636798163 4.674955095075763 0
1.501581291680165 4.783396780007228 0
2.324880161397124 1.439671662899815 0
2.216497915957605 1.501446047004948 0
1.693216670362216 4.457486744781387 0
5.451733920750575 2.314484210282609 0
5.352337175481793 2.232884820010012 0
5.255178082760234 2.311638145550155 0
3.768792708854507 4.772233057922335 0
4.324935621074681 1.439477699060763 0
4.216476190669482 1.501302150115803 0
1.439477699060765 2.675064378925313 0
1.501302150115807 2.783523809330511 0
5.45236497371956 4.309294945637751 0
5.35313737736862 4.229433303086699 0
2.617162907054512 0.7812734768428462 0
0.7811995844866653 4.382875624639015 0
5.765430472828719 2.229973548153607 0
5.559732987168697 4.617156039324078 0
5.233421255541094 2.43663448390656 0
5.232397726143271 4.550998919187656 0
0.2579285425240672 0.8568293832167102 0
4.651083981047473 1.252492565779784 0
1.252492565779777 2.348916018952529 0
5.889218290842123 2.681730036604206 0
4.75931353466312 1.315681346200101 0
4.755057935537964 1.440720149902653 0
1.315681346200085 2.240686465336879 0
1.440720149902637 2.244942064462025 0
5.560604914036539 2.621898958069183 0
3.686701956074994 4.673568023159696 0
3.745258368200934 4.564721929047096 0
3.25416512581631 5.215867111679842 0
3.316309380233282 5.106849388602724 0
2.433552948095834 1.746337159436725 0
1.377422535619456 4.357091441580523 0
3.76586261343942 5.664799482224991 0
1.746184836255129 2.566489100559394 0
4.433510899440595 1.74618483625513 0
3.682826183229916 4.458735051848127 0
3.766291949016289 4.357868823572554 0
3.687421380326313 4.240182262110078 0
3.56234728379881 4.239914028118733 0
6.10860553651564 4.806591246113905 0
2.642517035279196 1.502078285516709 0
1.502953715966485 2.350691832588176 0
4.649308167411815 1.502953715966494 0
5.561471514969284 2.749514038218749 0
3.869264291066909 5.002725047119392 0
5.305207097880909 2.108980042941486 0
3.889474673930065 4.309021039529269 0
5.305755786599468 4.107159120460404 0
5.110457607942104 4.694355629245462 0
4.690415422883813 1.890243273056972 0
5.812353887052987 4.10675137655508 0
5.112234416004308 2.564635048416478 0
4.899430021025451 1.437868714847553 0
1.878641493979529 4.189314939504345 0
2.690419455659683 1.890295772598356 0
4.897067764049853 1.687439351231218 0
4.108265160925587 1.187575817681297 0
1.187559823281484 4.891729437969304 0
2.105807148999895 1.812041040305645 0
5.813355482130583 2.108195667331368 0
1.437868714847552 2.100569978974549 0
3.871780666579168 4.563688960401647 0
1.687439351231217 2.102932235950147 0
2.895040958845375 1.687388738226227 0
3.437500000000001 4.108253175473055 0
2.108270775505925 1.187558717713197 0
1.187575817681297 2.891734839074413 0
1.8120272319553 2.894197442102657 0
4.105802557897341 1.812027231955299 0
1.188246796518371 2.103047289794579 0
4.89695271020542 1.188246796518372 0
5.109666032982799 4.442158107571804 0
3.687187849714669 4.104403006896142 0
2.893579693179943 1.434153493124439 0
2.782303377450691 1.377486048284201 0
1.89024327305697 2.309584577116186 0
5.559668522569173 4.124081215657527 0
5.559804757050368 2.126839887993262 0
1.308003578616951 4.106472935798437 0
1.235107989623032 4.225151425436945 0
4.893992739962387 5.187489174053953 0
3.373009971585887 4.565068571404078 0
1.5625 4.108253175473055 0
1.87261552026105 2.564778844169444 0
4.435221155830549 1.872615520261051 0
2.435247918974831 1.87268996650783 0
6.566965118231478 0.4820856292241595 0
6.215254954911757 2.251580100675628 0
4.563674047996983 5.12362336692919 0
6.10238449533975 4.424718445193085 0
3.49965845904 4.998133451037575 0
4.744226307716744 0.7757027873936524 0
0.7756101407839 2.256032302254606 0
2.478405143349793 5.657451988181535 0
2.153294859970794 6.654273891120064 0
6.098480621939843 0.3605612386276591 0
2.108764278383953 5.811849166677471 0
4.891746824526946 5.8125 0
3.387406318149386 6.339133713149943 0
6.46818402675827 5.217593529370141 0
4.671666886357619 5.935381966900342 0
5.232942577568748 4.305673122908815 0
1.000737747724357 2.565459314247442 0
4.434540685752557 1.000737747724361 0
0.3962813347079068 6.077391312261803 0
0.2642416023000478 5.991596593466481 0
0.9373274176074471 4.673886872344387 0
2.32610734138959 0.9373373836001631 0
6.647448773206853 6.87455006678208 0
4.327789471422321 0.9345365257732103 0
0.9345365257732086 2.672210528577678 0
4.6118005491436 0.5571897261854533 0
4.545536129764545 0.6872269450227595 0
4.482255327475395 0.5631625535203186 0
4.413213448653201 0.6733594351265046 0
0.5572347254131955 2.388191707746005 0
0.6872297627781538 2.45447493797421 0
0.5631705230175088 2.517745226629333 0
0.6733600903289192 2.586787257241084 0
2.330413550604596 0.5624730854940299 0
6.454871986058995 5.096543338978146 0
1.755230989652703 4.349303977873991 0
0.7649618143261128 1.375779222879038 0
2.862301176366644 6.106654728754338 0
2.79699760944871 5.770056435157592 0
1.313024964364425 2.891666746459947 0
4.108333253540051 1.313024964364423 0
3.057946072082288 6.222302664445661 0
4.226402250557319 6.191186569459449 0
6.507712138548497 0.119954028409059 0
3.56866541082235 5.782903739843559 0
5.134657676753507 2.315343768503429 0
2.108355809243181 1.313076178950051 0
3.253628905645927 5.882576314604909 0
1.313093058231531 4.891636504758866 0
3.888529462559224 6.124167994833797 0
4.341657126321245 5.741801716560494 0
2.928743634483063 6.44340944595511 0
1.956253499018535 0.240302385169906 0
6.107905494496084 3.190231069163317 0
6.104850734475725 1.687022595800404 0
0.8920054835392519 3.809790344204009 0
3.190209655744805 0.8920054835144446 0
1.313057081832663 6.118037626306073 0
1.31499647129407 0.8819509469158686 0
6.108253175473052 1.812499999999999 0
0.8821089685310253 5.06643318054494 0
1.930958451811577 0.8905286366107621 0
1.930868439996266 6.109836115571904 0
4.449878416677716 6.190969770042196 0
4.216604074116265 1.376119891928551 0
1.376119891928553 2.783395925883732 0
1.563103317504613 2.891787229780698 0
4.108212770219297 1.56310331750461 0
4.902690323685803 6.316463026286494 0
5.989318155259125 2.22986526506039 0
5.069986339374889 6.109802478998958 0
2.216605855321649 1.376239843883145 0
1.376285220591822 4.783327522409627 0
1.625517816496813 2.783337664381545 0
4.216662335618446 1.62551781649681 0
1.563238447942091 4.891666353764936 0
2.108234316536139 1.563181858471715 0
2.216705313039014 1.625662037732159 0
1.626624043872323 4.784201196485704 0
2.328394145227084 6.061139533928687 0
2.992747008750396 6.107731600456006 0
3.533152643841386 6.58361236081874 0
2.107664066714716 5.687499999999999 0
0.2280710608799481 4.599195424988552 0
0.3304456252385934 3.991940303730112 0
3.008059693224351 0.3304456243153009 0
4.229595034164892 5.804365016498539 0
2.936718929608285 0.6705623214800744 0
0.670562321480074 4.063281070391715 0
1.769480730310693 2.772911675273604 0
4.22708832472639 1.769480730310691 0
6.329359945585985 2.936743093885569 0
2.227128320145344 1.769565333504853 0
2.926410104367696 5.770344304439734 0
3.998420453742489 6.582299837219494 0
5.943413587995694 6.62317704391522 0
3.531509750389265 6.330471706545771 0
6.131886398370184 4.003890132872552 0
0.6207559538368357 4.995785383706872 0
6.433577265261089 0.4770158533281057 0
6.624827316824705 6.06878908280386 0
4.890760914590566 5.685372895045254 0
0.3934332314022622 0.9204032016454411 0
6.213162517509551 2.494141022727055 0
2.798263696089194 6.679579063395785 0
3.31687527414078 5.769698703762804 0
0.7326158896513966 6.567940362599393 0
4.449675912991815 6.320578277627342 0
4.78100646538892 5.618903593885733 0
5.253181921466119 6.648993188312254 0
2.533903103661909 6.44621929762269 0
0.5042592522109564 0.5805582913815952 0
4.564491714706275 6.646146651147381 0
0.5000725117822808 6.559810181767139 0
1.762324101205968 6.640649987404674 0
0.5024497957796772 6.419359471143315 0
0.4012081573357142 5.942176167106672 0
0.3164449479445572 5.357400515534226 0
0.413561142697374 5.680588226257464 0
6.440423501912386 4.742611560870005 0
6.591075790354283 5.532046217880076 0
4.104332432067673 0.4200926629492567 0
0.4200926629492567 2.895667567932327 0
6.602301851768557 5.806404800183814 0
5.961685870886756 0.3585991471199685 0
1.07200685382049 6.630582928081903 0
1.073311905811108 0.3687382961069505 0
5.567908469949325 0.3645382335843439 0
3.140262651657538 0.3333983677469079 0
0.3333983685986199 3.859737346394984 0
3.760582748915192 0.3586492030256472 0
0.3586492030256472 3.239417251084808 0
0.5023918038376549 0.4386953244823628 0
6.579463424336288 4.102905625530895 0
6.64098096685164 3.761250435090471 0
0.7338530329572741 0.4362768881166161 0
2.796819492789369 6.218648720678074 0
2.348128996817776 6.324900569253177 0
0.8902191301458973 5.68761772035624 0
2.995359613671746 5.436334395044968 0
6.62669169504181 1.285351832958372 0
0.8680195852734474 2.996242053101462 0
4.003757946898538 0.8680195852734474 0
4.890726419681146 5.434601007261588 0
1.415438850664651 6.572184962095964 0
1.417465763769373 0.4287180197938874 0
0.5615629803944944 2.003321185131846 0
5.001513698915376 0.5590846272389185 0
4.875445229254786 0.3373324499340007 0
0.3341363104489936 2.132880375363046 0
4.784948195028796 6.254762603433818 0
0.4439035865855931 4.322585262070181 0
2.677493825329606 0.4439434667141509 0
3.655222784346696 6.257843781744162 0
6.668349194646789 2.13106286829384 0
6.435495616438021 2.000592818929254 0
6.554067233652468 2.679200252871225 0
6.21952251240042 1.875978130088363 0
4.780294796174169 5.366704593038681 0
0.8885386333240319 1.311552292020872 0
0.8899552013578571 5.310593847671954 0
6.748080739060919 0.8326392794921813 0
0.4455524838798115 2.45474725198004 0
4.545252748019964 0.4455524838798124 0
6.663946589165242 2.010195810178309 0
4.770986971796933 5.22711197551435 0
3.376317055826688 5.879005643509839 0
2.808016758796791 5.109725904183406 0
4.119485661645598 5.608277644653267 0
3.377318252313864 5.000850284793684 0
4.3384557184384 6.25552995282426 0
4.434979547402741 0.8756736181457341 0
0.8756736181457265 2.565020452597255 0
3.068045885304847 0.670302543353722 0
0.6703031283969523 3.931953096198967 0
2.733943741737624 5.222328472373253 0
6.32927774869417 3.067981605248597 0
6.110180268277889 1.051825840560827 0
2.559140066330186 5.107869495255305 0
0.8905839373669919 1.817208179449726 0
2.483480198174689 5.221650312967577 0
3.131640326440617 5.006352195680449 0
3.770219993811426 6.188689252526801 0
2.308377236106776 5.108313347521348 0
5.752912291868428 4.201501774337814 0
1.765181526013344 0.3427440977060896 0
6.885235771299023 1.466956932406752 0
2.119218942076301 5.437317834748517 0
2.222869105782995 5.230479469757213 0
5.69024698513506 6.117241377671983 0
4.131632201854771 5.228127088278468 0
5.889482413463117 0.2411690446006283 0
2.927321345211465 6.21948499133313 0
3.187500000000001 4.104453936908571 0
4.223331517241402 0.218469296246413 0
0.218469296246413 2.776668482758598 0
6.519130451025148 6.420456710853897 0
6.769887278373528 0.4218515265238336 0
4.108593524186793 0.2816777321513473 0
0.2816777321513473 2.891406475813207 0
6.660079951457773 3.403610102756593 0
3.504604924979362 5.215892637114757 0
2.610405246315349 0.3325895767042146 0
0.33392527572019 4.389663989346024 0
0.338506137935294 3.59651735519873 0
3.403482644665718 0.3385061378696017 0
3.024756565445925 6.654804137999584 0
3.440453945536088 5.107532958348557 0
5.440661242143944 0.1350549009648168 0
5.696991771559077 0.3639111601398279 0
6.75857061384802 1.296475742676289 0
3.1703218274697 6.672902935067996 0
1.760570150885523 0.735333214595201 0
5.103232389562772 2.8125 0
3.458991687102849 5.985346882427649 0
5.955676809127292 6.092923362775947 0
1.759110546791469 6.266086601378989 0
3.70039447377971 5.343607628961195 0
5.309553410344032 4.905278870690097 0
5.240918908637774 0.2568595794444488 0
6.65908393774676 4.219766226540449 0
6.551605710967836 4.797250369017046 0
0.7743075038998608 5.749299833080684 0
6.103576812362244 3.575496057007106 0
6.228392704326265 3.409853369521621 0
2.993797632272846 6.335026832632039 0
5.896259632047586 4.803876135095441 0
0.8965565821368795 3.424918037403008 0
0.7716866399400706 3.590828942216775 0
3.575081962596991 0.8965565821368791 0
3.409171057756154 0.7716866399269509 0
0.3085486019458052 5.855415491075971 0
6.763775713996846 3.507591010999673 0
6.664897634311387 2.613523844283484 0
6.431489846139014 1.86265754417267 0
6.275840705313882 6.548588933353754 0
3.507337263704694 0.2357898035082924 0
0.235789803517676 3.492662736275943 0
6.168373435845606 6.758288401478588 0
5.486604709979915 6.633141958375898 0
6.779339087219055 0.1284596434218872 0
0.139684177847788 0.2145322411335266 0
6.89744560675779 6.785822502568933 0
0.1386349302095709 6.78505220782966 0
4.337065780163698 6.385517195895848 0
1.808287118916056 4.896768754056785 0
5.12351686629367 4.198948698406946 0
3.808127746283541 4.092684144011735 0
1.808616749364902 2.0928128884118 0
4.907187111588199 1.808616749364902 0
2.90683738870399 1.808665120957379 0
1.808421073592487 4.093182781367986 0
2.102948944650312 5.189006479631658 0
5.106956183682851 2.187589946057888 0
4.186389372309867 1.896063776378109 0
1.896063776378109 2.813610627690132 0
2.186398143466339 1.896081304422276 0
4.813194231223608 5.103204812109848 0
5.025142306147621 0.3564118436519776 0
3.057331800443379 6.444835605792415 0
3.8957434927524 4.813343423072373 0
0.1127738512374519 4.401825101212075 0
2.599104080289601 0.11202300202291 0
2.88139946337029 1.199805206507753 0
1.106953879924005 4.193648029878855 0
5.894334405460105 2.804050041687531 0
1.650613425423825 0.6804168806904753 0
0.1424761887741699 6.078173725129908 0
3.32094606210806 0.8892881639361034 0
0.889288163967231 3.679053937827711 0
0.345052700466645 0.1132179101836073 0
0.344302377839413 6.886454662538592 0
3.629124714086005 5.219699211108821 0
6.11067490970939 3.321087750101114 0
4.097625281002209 6.647052282871783 0
5.239757893050636 2.679863864700348 0
4.224985144740845 6.450603855207969 0
1.648770612400399 6.321270839347871 0
3.255469099174212 5.003894554582361 0
6.749957791404089 6.397719670294641 0
5.724372752362109 6.769351653207819 0
6.101103329548597 2.308116445034496 0
3.323251158107521 4.242635665071137 0
6.112323696201518 5.181425162090002 0
1.201516754415752 0.6875982901778386 0
1.051198824928091 6.097414916164979 0
1.515576900645354 0.2469622681712833 0
5.247461782016334 6.267035812289516 0
5.946334587945518 6.741565125946741 0
1.985570659826517 0.3646253854773849 0
0.2346065978192402 4.759353169417588 0
6.252298625868642 4.006337655495203 0
1.537990214204241 6.764040848159462 0
4.005985610918437 0.747541562756846 0
0.747541562756846 2.994014389081563 0
2.209696825982769 5.626002029519293 0
3.076359510963198 0.2220407864557634 0
0.2220407866295586 3.923640488503163 0
3.98102488124998 5.423239427160191 0
6.721363580385633 5.863642417313322 0
6.851521848170648 5.885210783505258 0
3.097704452516794 4.187227784319788 0
1.072736043226001 0.2416988643137366 0
5.312500000000001 6.097346071403821 0
6.66324645285321 3.007025851606615 0
2.334665432245257 6.573629709506656 0
6.21151532890105 2.372899034712808 0
3.533548002189693 6.747850840785953 0
1.070611213841481 6.758859442051763 0
0.1096519913495646 3.98945954380141 0
3.010540455895913 0.1096519912758094 0
5.363794129203232 6.322274417136539 0
6.246467049724021 5.748064864121318 0
6.774343759705486 2.940901838026778 0
5.187116433203402 2.903604186996025 0
6.768391632005076 3.752911328335808 0
0.7735207284643444 5.12186323176862 0
5.021363341443519 6.638862922024832 0
2.641366545727389 1.253196292817186 0
0.7848685101956598 1.882475558752001 0
3.752474323744277 0.2313571513723556 0
0.2313571513723556 3.247525676255723 0
6.551944961099313 0.7145987895036452 0
3.919562025965985 6.775801197504599 0
2.873931081529796 0.1071875412880976 0
0.1071875413288703 4.126068918281499 0
3.315902679516316 4.896087919403064 0
2.445380532288012 0.9003556723190274 0
0.9002929383128975 4.554653300687863 0
4.324782177670267 5.101162056888894 0
2.422971109886823 5.998136392316441 0
6.227842705983271 5.115934874521694 0
6.322072997345091 3.879419314264895 0
6.774882348911722 2.806607190835573 0
3.878830837034966 0.6775937808131469 0
0.6775937808131469 3.121169162965034 0
4.359264736796366 6.781705915351322 0
2.73527759367806 0.1085650676697334 0
0.1086902092854363 4.264877269525 0
2.428278444380108 5.757503707153344 0
6.660009468628385 3.139169343377259 0
6.77202942525447 2.669143157383056 0
5.186343869935652 4.905617866530775 0
6.095923357880302 1.294545784652986 0
6.771531940410871 3.20914662451222 0
4.219062132069693 6.588248334200667 0
2.535455499066729 1.077440434778535 0
1.077475393477021 4.46452200097133 0
3.794254596441071 4.253453526288012 0
1.6875 6.092991474226528 0
3.209191150160247 0.2253765059651185 0
0.2253765060973123 3.790808849523539 0
1.851731665518987 6.19906410078673 0
0.5736296967035925 5.100513667746964 0
1.852558456049504 0.8016662257785097 0
5.151607834464526 6.199121364075982 0
6.771189164474174 3.350305743843549 0
1.796151363196514 2.254822073483109 0
4.745177926516885 1.796151363196518 0
2.74518995911716 1.796319066312573 0
6.321688445966219 2.433749217135079 0
1.979855461288437 6.769913031556278 0
1.79168911639068 4.258643730686427 0
3.3505265354019 0.2268817165688701 0
0.2268817166175632 3.649473464490388 0
2.538440123959721 0.2238397212511045 0
0.2247766811918068 4.464537808616427 0
1.687499999999999 0.9088758854859389 0
0.6723884655185315 1.822346205611841 0
6.902341430065237 3.988578099450093 0
1.28164511718032 6.77046089921032 0
4.779826162819766 6.765617409215844 0
5.223637616499863 2.210397508770536 0
2.325655380748857 0.112407685663519 0
3.991347140547842 0.09626580908108107 0
0.09626580908108107 3.008652859452158 0
2.403860697430943 0.2221910079022602 0
5.625302882508523 0.250673213140213 0
1.283372625906483 0.2290881440084949 0
5.684231777611039 4.912811640400532 0
6.776595660611801 1.942723574411425 0
3.822063781921592 5.316391658743814 0
6.434239443254621 2.37255375384076 0
5.876827393568034 2.197360698407763 0
1.765974212923921 6.762920291784764 0
6.346004578990166 5.166630082698976 0
5.462506428831075 4.787198404087895 0
6.3215213042521 4.304559989904717 0
0.4575312783222096 1.947080024727834 0
5.240599522648212 4.188929059158374 0
2.305285188583708 0.6813965804873123 0
0.6775735244661787 4.694549456313037 0
6.870831814880919 4.343497471586883 0
0.3169338203613044 1.403435196403139 0
5.55135958852987 0.1264821410835619 0
6.905123221531582 2.17 0
4.832803336598385 0.09822664794199243 0
0.09822671781489989 2.167196652625156 0
5.682846040707004 2.91628122540581 0
6.763846334833354 6.626033921432397 0
6.547629158440508 2.436945880325007 0
5.896497759921199 4.32099419075676 0
6.900731439093462 2.303737461632182 0
5.439584687384072 2.915228947297634 0
0.1017751881469349 2.302528555104189 0
4.6974713611752 0.1017747693029327 0
0.5657461971709195 1.886488565575675 0
4.570179582833321 6.767106711803741 0
6.664194413831637 4.724647807008739 0
0.3410496244709869 2.00983760564567 0
4.30511253970685 0.6797770769497178 0
0.6797771438071063 2.69488753232318 0
3.790720879000563 4.47458707017982 0
6.781794565041657 2.080571000643149 0
0.2233124740229893 2.083027331309232 0
4.926250523590417 0.227118602194619 0
6.66125526024415 4.599537757807863 0
0.6286804680658444 6.906622791185008 0
0.2251708175420806 5.027806244933696 0
3.083776312485495 4.437499999999999 0
3.790926708467053 4.659560811778841 0
2.091691194041421 6.560410297399256 0
0.9183770896810088 3.318813163077809 0
3.681186836922191 0.9183770896810088 0
6.665803212236085 1.615221831283405 0
1.792517103223312 2.47617924012385 0
4.523820759876141 1.792517103223315 0
6.081567385831299 3.681406929031041 0
6.771908866181542 1.800969435942195 0
2.52385196151286 1.792653890543457 0
0.6300000000000008 0.09202845453963704 0
4.17162189860588 5.097699304023712 0
0.4362779768905329 4.686376967364019 0
3.680445100358434 5.559621977253448 0
5.9254809536144 0.9032391628217589 0
1.917770650959653 4.687500000000001 0
3.682471536161311 5.755624324043209 0
2.358221244610451 6.775907716002029 0
2.430456784047679 6.234684055266886 0
5.848593853868504 0.8036918753768383 0
5.648725054355837 2.206187742714977 0
6.063569012032974 0.9165572165157942 0
1.792427026723773 2.655199873546751 0
4.34480012645324 1.792427026723772 0
4.432982620296143 0.09818532706525573 0
0.09818532706525573 2.567017379703857 0
0.4481950954954019 1.826594501815013 0
2.344841827026607 1.792538682077701 0
6.770622602175427 1.086616453384492 0
6.083878947967287 4.316730715682655 0
5.469466458152713 2.207676026247249 0
1.918939674945899 4.437500000000002 0
0.8623409311767807 6.769125981693597 0
6.784820500245671 4.902094607409444 0
2.59 6.910338385983406 0
0.864541136572393 0.2392362006034929 0
2.719734761457163 6.902983675179454 0
5.670994287571482 0.9086775100154849 0
4.446279062685876 0.771729123032205 0
0.7717291230322001 2.553720937314119 0
0.210145318847256 5.177872485922686 0
4.639155318396951 0.7684763341852698 0
0.7684763341852681 2.360844681603044 0
0.4642921345106128 2.566248612934029 0
4.433751497886917 0.464290540611175 0
6.435190706665809 4.97854335751277 0
5.561708822256277 0.9247332989957151 0
5.651282971426706 4.202726951224089 0
6.325032994892677 3.447452050523706 0
5.445997833635121 0.7849059125262938 0
2.985636335136286 6.54865255612882 0
3.446666043280663 0.6750249406504092 0
0.6750249407196289 3.553333956576507 0
1.436441608924695 6.080743896637153 0
0.339473930460283 1.759555046166454 0
2.803541121120189 1.47474193272979 0
6.569981531696818 4.309795416532242 0
6.903866546047423 5.787610495676177 0
1.43667355487606 0.9197281803765747 0
5.465556742323917 4.204660386565139 0
3.078402334697936 4.687499999999998 0
6.56835926142503 3.445033583799126 0
5.565796718522402 6.081094096157826 0
0.4306287586290312 3.55523150434097 0
3.444768495659029 0.4306287586290383 0
1.348123796077167 4.199158885957328 0
3.565952144139904 6.451412782190921 0
3.559265418656688 6.207783438995376 0
6.189223931372327 1.626614864858281 0
0.2298327182765934 2.440790833187677 0
4.559209166812323 0.2298327182765934 0
5.10016222603175 0.7686922230256137 0
3.235526238866803 6.780329101997744 0
5.307357255172806 0.9163336886904854 0
3.378266754877484 6.775490358852474 0
6.665820353413044 0.9238880166117553 0
6.795338449318335 5.039895320514662 0
0.2067811304601666 5.316017539329487 0
1.223138860515686 0.7963530340264526 0
4.653025749839161 5.202055493022509 0
4.472334698692219 5.201216768318902 0
4.157461534858466 5.357314091892303 0
6.094206811199149 1.468229879100856 0
0.2181475597335019 1.429660332013972 0
1.214449594922875 6.205826088874776 0
6.892489801447603 4.239762711948728 0
6.6584691327333 2.494705580266849 0
6.690527377495012 5.742421374533528 0
2.906486960543148 1.094150093022409 0
0.3698920476058007 5.0062376575725 0
2.487143154156456 6.777693796579785 0
5.390991075094266 6.678328207205103 0
2.201558867081725 0.5150550685236306 0
5.18877156342896 0.9235919702061315 0
4.748473317993223 0.9623482296352535 0
0.9623646668307448 2.251592910810917 0
3.665055641364971 6.78090246776632 0
3.915196708019383 4.917050129764176 0
3.091653023713102 4.908747693738407 0
0.1018561552190493 2.763579964096982 0
4.236420035903018 0.1018561552190493 0
6.897512886940357 6.897512886940354 0
0.102487113059647 0.1024871130596492 0
0.1024871130596456 6.897512886940357 0
6.897512886940351 0.102487113059647 0
5.09150635094611 2.091506350946111 0
5.09150635094611 4.091506350946111 0
3.90849364905389 4.09150635094611 0
2.90849364905389 1.90849364905389 0
1.908493649053891 2.09150635094611 0
4.90849364905389 1.90849364905389 0
1.908493649053891 4.908493649053891 0
1.90849364905389 4.09150635094611 0
1.90849364905389 2.90849364905389 0
4.09150635094611 1.90849364905389 0
2.09150635094611 1.90849364905389 0
2.09150635094611 5.091506350946109 0
4.90849364905389 5.091506350946109 0
6.198333883258382 1.144209242638796 0
6.797522188945757 1.399262771899355 0
5.908420565074914 4.908535844108828 0
0.2671710999208692 0.1975700140008882 0
6.773910297938873 4.521352117206957 0
6.033797702564708 2.12640777425685 0
3.090697301451354 4.090697301451353 0
0.9687853345155464 2.130460913850005 0
4.868124239791021 0.9697264270586792 0
5.090659495333507 2.909340504666492 0
5.090606154186613 4.909393845813386 0
6.319796138039189 1.834491473347108 0
1.085896969651223 4.087971899212864 0
6.559906390940302 4.911189794054456 0
2.43307293063839 6.426650459113051 0
0.2656187916378761 6.801918017392581 0
5.907952456662731 2.908806106626612 0
0.3494955296863367 1.650749012300783 0
2.161067103408837 0.2153317554135219 0
0.9084941903892698 3.091507288566492 0
3.908492711433508 0.9084941903892698 0
6.091488864770529 3.908463362109354 0
6.799741250342096 5.179437298562619 0
0.3390565005365316 4.653952591071759 0
2.839474304426134 6.77197789561185 0
0.9751560502051193 0.2023031570030502 0
6.678039812519414 0.4861740357619175 0
5.79324349680357 6.20498490179674 0
6.543490135275901 1.949987815896376 0
2.270118574076936 6.659759370196353 0
2.032602905971007 0.8762830039697174 0
0.8747336710562306 4.966434988320706 0
0.1963349963285825 1.541001101458001 0
4.967931778635233 6.123965243606456 0
2.032629495172697 6.124041644569823 0
2.905942340517495 6.660340086152098 0
1.888398620107657 0.3186585146801777 0
6.899803277094811 5.982952697616731 0
6.640202500891824 6.439741431890925 0
0.9733218394021872 6.798754481947873 0
3.986179751022047 6.689107743784124 0
5.128794145437044 6.677521570161446 0
2.196835525360758 5.347734052245205 0
0.08226880736844322 5.52988902376262 0
6.27002637886703 6.659977754145371 0
2.196726374274411 5.528018036623255 0
3.570578989732272 6.02310183102443 0
1.719576131486573 0.2188452920075163 0
0.2273224697103768 5.417431003616732 0
0.3137119129175909 1.223545138842686 0
2.71852556422355 1.305767018400944 0
6.896687312221431 4.446580640843396 0
5.152757686139644 0.2180033901579623 0
6.041935337793877 6.788514372940867 0
2.52280628355131 0.978915858128012 0
3.479532566410382 5.863070870957859 0
0.9789394980497317 4.477214422844229 0
6.785624482205598 4.184261233198735 0
5.599464215709403 6.805295888474188 0
6.479347802018556 6.542040778156295 0
6.927081817822311 5.395156091768919 0
6.662530394514551 0.7281501491839064 0
6.674739806157806 0.2205496586195133 0
6.668982210738633 4.845336257302928 0
0.9436311640351644 0.8285885975170126 0
0.2019458910740144 5.877218971348317 0
6.779670130680466 5.279207259883721 0
6.762731652158883 2.424812368978431 0
0.944116506014602 0.666286670836846 0
0.08730990425079277 1.177308625201464 0
6.066506294341087 6.052683403575189 0
1.436086197125585 0.3303717873457233 0
3.625000000000001 4.174156185434093 0
3.500000000000001 4.174011195296438 0
1.660402648402372 6.800092809838929 0
6.912053459449174 5.515356763622687 0
6.808733469050672 3.640537533425537 0
1.434404366451352 6.667931452744552 0
1.627559013274969 2.17488434951631 0
4.825115650483682 1.627559013274978 0
1.747570058731673 6.169034259064914 0
3.640528412549531 0.1910047156192491 0
0.1910047156192491 3.359471587450469 0
0.9495095883809128 6.074266225918436 0
2.822953416652374 1.629123859348353 0
1.62617764102491 4.175825588304633 0
1.502739076545872 2.17501902502649 0
4.824980974973503 1.502739076545882 0
1.506658482139553 4.174189431106996 0
5.797256269711096 4.281953244193969 0
1.377220783811805 2.173624051375639 0
4.826375948624356 1.377220783811814 0
4.824581162619777 1.750966441492628 0
1.750966441492625 2.17541883738022 0
3.375000000000001 4.172766700993222 0
5.856133439268889 6.792810600705446 0
2.721197056646451 1.449909178360672 0
3.748934823992795 4.173650691266844 0
2.824518572031594 1.751245618896306 0
3.720403347511533 5.475790713287692 0
1.750954856430118 4.175149776991288 0
6.687685625428234 5.568228021041592 0
1.251955788066502 2.172734007958875 0
4.827265992041124 1.251955788066506 0
5.358347525672768 4.824566360420676 0
1.321019817592887 4.28123826403728 0
0.07088624410263344 1.050000000000001 0
5.155634428201391 0.692086839203311 0
2.805563065960794 1.288225351376173 0
6.069210850320484 5.941265691050521 0
5.350698357339838 0.09655226519427362 0
1.1341702649448 2.174029135192264 0
4.825970864807736 1.134170264944801 0
5.25173674211425 6.171799133208827 0
0.8090552927642922 0.9088658448845597 0
0.6779871391233212 5.079212594477323 0
1.748843550553014 0.8317501590689105 0
3.886030105548215 5.392062348689645 0
5.172457067960336 2.499414155667671 0
0.3383016781765984 5.745072031421495 0
6.289912496019387 5.925622571461939 0
6.809299840627968 6.735520860772471 0
4.473553829086949 6.809096103134439 0
0.19045193168746 4.898929242151906 0
2 15 0 66
3544
3545
3546
3547
3548
3549
3550
3551
3552
3553
3554
3555
3556
3557
3558
3559
3560
3561
3562
3563
3564
3565
3566
3567
3568
3569
3570
3571
3572
3573
3574
3575
3576
3577
3578
3579
3580
3581
3582
3583
3584
3585
3586
3587
3588
3589
3590
3591
3592
3593
3594
3595
3596
3597
3598
3599
3600
3601
3602
3603
3604
3605
3606
3607
3608
3609
2.878740859047477 3.431121170366613 0
2.110724939175781 3.564094863106228 0
2.437500000000001 3.108253175473055 0
2.562499999999999 3.891746824526945 0
2.309891853563649 3.89298495739036 0
2.891746824526946 3.6875 0
2.687189134015198 3.104493186086437 0
2.118262685101793 3.330774026076988 0
2.81197032883989 3.89415349436802 0
2.879230463236313 3.186909357623541 0
2.1875 3.108253175473055 0
2.109485192188709 3.79665793440233 0
2.687411721473314 3.892147936167124 0
2.622238267877904 3.78514649317285 0
2.499539711312983 3.783769123073717 0
2.559215977497501 3.677147852116231 0
2.435039950518687 3.676750373077047 0
2.499511558504778 3.567277882974415 0
2.61305714192526 3.567299178708536 0
2.556989618252142 3.456849315519344 0
2.436500196126154 3.458468418926602 0
2.49891496906305 3.350122528691088 0
2.620462266066335 3.348121858204064 0
2.374873370091668 3.350443038866075 0
2.312312261036304 3.458683520634106 0
2.562500000000001 3.242227771688619 0
2.250000000000002 3.350480947161672 0
2.313317681579981 3.247628926644938 0
2.68588136040385 3.249655443277753 0
2.755813845157046 3.357736123817772 0
2.187571053278181 3.455002483117585 0
2.250000000000001 3.56698729810778 0
2.177873219372124 3.676785951947812 0
2.301484014301643 3.682117018002882 0
2.237568194167876 3.786876753309979 0
2.764667250201037 3.770933993893186 0
2.371550443317243 3.785074977036937 0
2.436724048594508 3.892115269153884 0
2.891746824526945 3.312500000000001 0
2.777422641196527 3.473447216411162 0
2.862876946196046 3.561798247181948 0
2.781907465478099 3.654808928225187 0
2.562500000000001 3.108253175473054 0
2.437500000000001 3.242227771688618 0
2.3125 3.108253175473056 0
2.372474663414595 3.568380751953805 0
2.89590048577861 3.812067822096679 0
2.808146278818612 3.092925648673471 0
2.103415783057214 3.193362006839475 0
2.19113335612849 3.89717308644058 0
2.792327383986086 3.25628918442076 0
2.201088939441102 3.250073349532938 0
2.673926662060056 3.677601142605596 0
2.084535701237512 3.437499999999999 0
2.67184042322243 3.45772433580921 0
2.077337554525795 3.687499999999999 0
2.09150635094611 3.90849364905389 0
2.90849364905389 3.90849364905389 0
2.90849364905389 3.09150635094611 0
2.09150635094611 3.091506350946109 0
2.73017188001307 3.56544650815694 0
2.625000000000001 3.175240473580836 0
2.375000000000001 3.175240473580836 0
2.500000000000001 3.175240473580836 0
2.260160832435939 3.175306770784695 0
2.748964426606275 3.174644997384735 0
2 16 0 66
3610
3611
3612
3613
3614
3615
3616
3617
3618
3619
3620
3621
3622
3623
3624
3625
3626
3627
3628
3629
3630
3631
3632
3633
3634
3635
3636
3637
3638
3639
3640
3641
3642
3643
3644
3645
3646
3647
3648
3649
3650
3651
3652
3653
3654
3655
3656
3657
3658
3659
3660
3661
3662
3663
3664
3665
3666
3667
3668
3669
3670
3671
3672
3673
3674
3675
4.110724939175782 3.564094863106227 0
4.887575618975385 3.428512301152363 0
4.562499999999998 3.891746824526945 0
4.437500000000002 3.108253175473055 0
4.309891853563649 3.892984957390359 0
4.687189134015198 3.104493186086437 0
4.887962984380572 3.698340706838323 0
4.118262685101794 3.330774026076986 0
4.81197032883989 3.894153494368021 0
4.187500000000001 3.108253175473055 0
4.879230463236312 3.186909357623541 0
4.10948519218871 3.796657934402329 0
4.687411721473314 3.892147936167125 0
4.624985286912218 3.783560500993921 0
4.499997547818703 3.783504791043895 0
4.56249713912182 3.675253472569175 0
4.435663116873695 3.676390587814233 0
4.499693375999253 3.567181150311403 0
4.624948419186845 3.567021773306442 0
4.562440299197684 3.458772177201774 0
4.437438945866157 3.458772773763171 0
4.500000000000003 3.350480947161672 0
4.624990049866282 3.350487289589514 0
4.374989824311029 3.350487389016411 0
4.312488128362865 3.458741638131922 0
4.562500000000004 3.242227771688618 0
4.250000000000004 3.350480947161669 0
4.313324754844035 3.247631620410141 0
4.686618840023643 3.247676924341295 0
4.767061357695333 3.359786213924343 0
4.18758600798282 3.455007425081682 0
4.25 3.566987298107778 0
4.177873219372126 3.676785951947811 0
4.301484014301645 3.682117018002878 0
4.237568194167879 3.786876753309977 0
4.371679134133996 3.785000677359241 0
4.683862680335217 3.673166174869473 0
4.745127204272974 3.565782547624795 0
4.312500000000002 3.108253175473055 0
4.372794596900603 3.568365077688564 0
4.88965451481528 3.30954855627384 0
4.768889154813956 3.772917057887558 0
4.871910158459681 3.564415538650516 0
4.437500000000004 3.242227771688618 0
4.6875 3.458734122634728 0
4.436793873275755 3.89207495585537 0
4.562500000000001 3.108253175473054 0
4.103415783057214 3.193362006839475 0
4.895952636310341 3.813594461481523 0
4.808146278818612 3.092925648673471 0
4.191133356128493 3.897173086440578 0
4.794305920475368 3.255713209909551 0
4.201088939441104 3.250073349532934 0
4.084535701237511 3.437499999999999 0
4.791834867880675 3.475446144797349 0
4.791550436452479 3.654924405174133 0
4.077337554525796 3.687499999999999 0
4.09150635094611 3.09150635094611 0
4.90849364905389 3.908493649053891 0
4.09150635094611 3.90849364905389 0
4.90849364905389 3.09150635094611 0
4.625000000000001 3.175240473580835 0
4.500000000000002 3.175240473580835 0
4.375000000000001 3.175240473580834 0
4.260161347979967 3.175306967123265 0
4.748964426606275 3.174644997384735 0
2 17 0 66
3676
3677
3678
3679
3680
3681
3682
3683
3684
3685
3686
3687
3688
3689
3690
3691
3692
3693
3694
3695
3696
3697
3698
3699
3700
3701
3702
3703
3704
3705
3706
3707
3708
3709
3710
3711
3712
3713
3714
3715
3716
3717
3718
3719
3720
3721
3722
3723
3724
3725
3726
3727
3728
3729
3730
3731
3732
3733
3734
3735
3736
3737
3738
3739
3740
3741
3.891746824526945 2.437500000000001 0
3.108253175473055 2.562499999999999 0
3.568878829633387 2.878740859047476 0
3.435905136893771 2.110724939175781 0
3.3125 2.891746824526946 0
3.895506813913563 2.687189134015198 0
3.669225973923011 2.118262685101792 0
3.107015042609639 2.309891853563648 0
3.81309064237646 2.879230463236312 0
3.891746824526945 2.1875 0
3.20334206559767 2.109485192188707 0
3.10584650563198 2.81197032883989 0
3.107852063832875 2.687411721473314 0
3.214853506827149 2.622238267877904 0
3.216230876926283 2.499539711312983 0
3.322852147883769 2.5592159774975 0
3.323249626922952 2.435039950518687 0
3.432722117025585 2.499511558504777 0
3.432700821291464 2.613057141925259 0
3.543150684480656 2.55698961825214 0
3.541531581073397 2.436500196126152 0
3.649877471308911 2.498914969063048 0
3.651878141795936 2.620462266066332 0
3.649556961133924 2.374873370091666 0
3.541316479365893 2.312312261036303 0
3.757772228311381 2.562499999999998 0
3.649519052838326 2.249999999999999 0
3.75237107335506 2.313317681579978 0
3.750344556722248 2.685881360403847 0
3.642263876182229 2.755813845157044 0
3.544997516882414 2.187571053278179 0
3.433012701892218 2.25 0
3.323214048052187 2.177873219372122 0
3.317882981997116 2.30148401430164 0
3.21312324669002 2.237568194167873 0
3.229066006106814 2.764667250201037 0
3.108000907659181 2.436988594146105 0
3.214894991080459 2.371489561667969 0
3.687499999999999 2.891746824526945 0
3.526552783588838 2.777422641196526 0
3.438201752818052 2.862876946196045 0
3.345191071774813 2.781907465478099 0
3.891746824526946 2.562500000000001 0
3.891746824526946 2.312500000000002 0
3.431619248046194 2.372474663414593 0
3.757772228311381 2.437499999999998 0
3.187932177903321 2.89590048577861 0
3.90707435132653 2.808146278818612 0
3.806637993160524 2.103415783057214 0
3.102826913559418 2.191133356128488 0
3.74371081557924 2.792327383986084 0
3.74992665046706 2.2010889394411 0
3.322398857394404 2.673926662060056 0
3.562500000000001 2.084535701237511 0
3.54227566419079 2.671840423222428 0
3.312500000000001 2.077337554525794 0
3.09150635094611 2.90849364905389 0
3.90849364905389 2.90849364905389 0
3.908493649053891 2.09150635094611 0
3.09150635094611 2.09150635094611 0
3.43455349184306 2.730171880013069 0
3.824759526419162 2.374999999999998 0
3.824759526419162 2.624999999999997 0
3.824759526419163 2.499999999999999 0
3.824693229215303 2.26016083243594 0
3.825355002615266 2.748964426606275 0
$EndNodes
$Elements
16 7280 1 7280
2 2 2 162
1 609 619 577 
2 578 601 597 
3 571 611 600 
4 577 626 609 
5 600 625 571 
6 578 624 601 
7 582 605 603 
8 576 608 605 
9 603 627 582 
10 572 603 602 
11 572 602 601 
12 587 612 604 
13 605 608 604 
14 580 619 609 
15 607 626 613 
16 613 625 607 
17 604 612 602 
18 604 608 587 
19 611 622 600 
20 597 623 578 
21 603 604 602 
22 618 623 579 
23 623 635 579 
24 613 626 577 
25 603 605 604 
26 605 621 576 
27 589 606 590 
28 589 607 606 
29 583 584 574 
30 576 610 608 
31 583 609 584 
32 588 612 587 
33 586 588 587 
34 591 612 588 
35 595 612 591 
36 585 610 574 
37 571 613 434 
38 608 610 585 
39 456 583 574 
40 593 600 599 
41 597 601 595 
42 584 586 585 
43 590 606 593 
44 602 612 595 
45 581 611 436 
46 594 597 595 
47 440 614 575 
48 441 614 440 
49 455 610 454 
50 590 591 588 
51 593 599 596 
52 435 571 434 
53 449 572 448 
54 434 613 433 
55 579 615 443 
56 594 595 591 
57 436 611 435 
58 609 616 584 
59 586 589 588 
60 590 592 591 
61 442 573 441 
62 584 585 574 
63 589 590 588 
64 594 598 597 
65 433 577 432 
66 447 578 446 
67 580 609 583 
68 574 610 455 
69 593 606 600 
70 580 583 457 
71 433 613 577 
72 437 581 436 
73 444 579 443 
74 451 582 450 
75 456 574 455 
76 457 583 456 
77 589 616 607 
78 586 587 585 
79 587 608 585 
80 590 593 592 
81 442 615 573 
82 458 580 457 
83 443 615 442 
84 454 610 576 
85 435 611 571 
86 601 602 595 
87 586 616 589 
88 440 575 439 
89 454 576 453 
90 573 614 441 
91 593 596 592 
92 594 617 598 
93 592 594 591 
94 584 616 586 
95 592 617 594 
96 596 617 592 
97 620 636 581 
98 581 636 622 
99 571 625 613 
100 446 618 445 
101 439 620 438 
102 432 619 431 
103 601 624 572 
104 453 621 452 
105 576 621 453 
106 572 627 603 
107 575 620 439 
108 577 619 432 
109 578 618 446 
110 582 621 605 
111 606 625 600 
112 447 624 578 
113 572 624 448 
114 609 626 616 
115 582 627 450 
116 449 627 572 
117 13 630 437 
118 445 629 32 
119 438 630 13 
120 31 628 458 
121 32 629 444 
122 431 628 31 
123 452 631 33 
124 33 631 451 
125 581 622 611 
126 600 622 599 
127 598 623 597 
128 578 623 618 
129 448 624 447 
130 607 625 606 
131 616 626 607 
132 618 629 445 
133 619 628 431 
134 620 630 438 
135 450 627 449 
136 437 630 581 
137 444 629 579 
138 458 628 580 
139 451 631 582 
140 621 631 452 
141 634 635 598 
142 614 632 575 
143 599 632 596 
144 573 633 614 
145 573 634 633 
146 615 634 573 
147 633 634 617 
148 596 633 617 
149 617 634 598 
150 632 633 596 
151 614 633 632 
152 615 635 634 
153 579 635 615 
154 580 628 619 
155 579 629 618 
156 581 630 620 
157 599 636 632 
158 632 636 575 
159 582 631 621 
160 575 636 620 
161 598 635 623 
162 622 636 599 
2 3 2 162
163 674 685 644 
164 642 667 663 
165 637 677 666 
166 644 692 674 
167 666 691 637 
168 642 690 667 
169 646 671 669 
170 643 673 671 
171 669 693 646 
172 638 669 668 
173 638 668 667 
174 653 672 670 
175 671 673 670 
176 647 685 674 
177 676 692 678 
178 678 691 676 
179 670 672 668 
180 670 673 653 
181 677 688 666 
182 663 689 642 
183 669 670 668 
184 684 689 645 
185 689 701 645 
186 678 692 644 
187 669 671 670 
188 671 687 643 
189 673 681 651 
190 643 681 673 
191 653 673 651 
192 657 672 654 
193 649 674 650 
194 654 672 653 
195 661 672 657 
196 668 672 661 
197 659 665 662 
198 649 650 640 
199 663 667 661 
200 651 681 640 
201 655 675 656 
202 463 680 639 
203 484 677 637 
204 655 676 675 
205 655 682 676 
206 650 652 651 
207 485 677 484 
208 674 682 650 
209 648 677 485 
210 652 653 651 
211 660 663 661 
212 659 662 658 
213 656 658 657 
214 462 679 461 
215 483 678 482 
216 647 674 649 
217 461 679 641 
218 475 681 643 
219 482 678 644 
220 645 680 464 
221 647 649 478 
222 637 678 483 
223 465 645 464 
224 486 648 485 
225 464 680 463 
226 478 649 477 
227 650 651 640 
228 660 664 663 
229 463 639 462 
230 470 638 469 
231 477 640 476 
232 484 637 483 
233 656 657 654 
234 667 668 661 
235 660 661 657 
236 656 659 658 
237 650 682 652 
238 652 655 654 
239 640 681 476 
240 477 649 640 
241 652 654 653 
242 461 641 460 
243 468 642 467 
244 475 643 474 
245 482 644 481 
246 658 660 657 
247 652 682 655 
248 472 646 471 
249 479 647 478 
250 659 666 665 
251 656 675 659 
252 476 681 475 
253 655 656 654 
254 639 679 462 
255 660 683 664 
256 662 683 658 
257 659 675 666 
258 658 683 660 
259 686 702 648 
260 648 702 688 
261 637 691 678 
262 467 684 466 
263 460 686 459 
264 481 685 480 
265 667 690 638 
266 474 687 473 
267 643 687 474 
268 638 693 669 
269 641 686 460 
270 642 684 467 
271 644 685 481 
272 646 687 671 
273 468 690 642 
274 638 690 469 
275 675 691 666 
276 674 692 682 
277 470 693 638 
278 646 693 471 
279 459 694 26 
280 26 694 486 
281 36 697 479 
282 466 695 34 
283 480 697 36 
284 34 695 465 
285 35 696 472 
286 473 696 35 
287 648 688 677 
288 666 688 665 
289 664 689 663 
290 642 689 684 
291 469 690 468 
292 676 691 675 
293 682 692 676 
294 684 695 466 
295 685 697 480 
296 686 694 459 
297 471 693 470 
298 465 695 645 
299 486 694 648 
300 472 696 646 
301 479 697 647 
302 687 696 473 
303 700 701 664 
304 698 699 662 
305 679 699 698 
306 679 698 641 
307 665 698 662 
308 662 699 683 
309 683 700 664 
310 699 700 683 
311 639 699 679 
312 680 700 639 
313 639 700 699 
314 680 701 700 
315 645 701 680 
316 647 697 685 
317 645 695 684 
318 648 694 686 
319 665 702 698 
320 698 702 641 
321 646 696 687 
322 641 702 686 
323 664 701 689 
324 688 702 665 
2 4 2 162
325 738 751 710 
326 704 741 732 
327 709 733 729 
328 710 758 738 
329 732 756 704 
330 709 757 733 
331 714 737 735 
332 708 742 737 
333 735 759 714 
334 703 735 734 
335 703 734 733 
336 719 744 736 
337 737 742 736 
338 712 751 738 
339 740 758 748 
340 748 756 740 
341 736 744 734 
342 736 742 719 
343 741 754 732 
344 729 755 709 
345 735 736 734 
346 750 755 711 
347 755 767 711 
348 748 758 710 
349 735 737 736 
350 737 753 708 
351 712 715 422 
352 711 743 296 
353 738 739 716 
354 725 749 732 
355 726 745 730 
356 716 739 718 
357 428 741 704 
358 715 738 716 
359 421 715 706 
360 712 738 715 
361 705 746 294 
362 708 747 742 
363 726 729 727 
364 718 719 717 
365 720 744 719 
366 722 723 720 
367 728 745 724 
368 729 733 727 
369 725 731 728 
370 726 727 723 
371 713 741 429 
372 718 721 720 
373 723 744 720 
374 716 717 706 
375 706 747 420 
376 717 747 706 
377 294 746 293 
378 295 705 294 
379 296 743 295 
380 422 715 421 
381 733 734 727 
382 420 747 419 
383 430 713 429 
384 493 714 492 
385 295 743 705 
386 725 728 724 
387 724 726 723 
388 428 704 427 
389 491 703 490 
390 718 720 719 
391 722 724 723 
392 716 718 717 
393 293 746 707 
394 426 748 710 
395 426 710 425 
396 489 709 488 
397 419 747 708 
398 715 716 706 
399 297 711 296 
400 423 712 422 
401 421 706 420 
402 726 730 729 
403 429 741 428 
404 427 748 426 
405 719 742 717 
406 721 722 720 
407 725 732 731 
408 742 747 717 
409 739 740 721 
410 722 725 724 
411 704 748 427 
412 718 739 721 
413 724 745 726 
414 293 707 292 
415 419 708 418 
416 722 749 725 
417 734 744 727 
418 721 749 722 
419 727 744 723 
420 740 749 721 
421 752 768 713 
422 713 768 754 
423 704 756 748 
424 425 751 424 
425 488 750 487 
426 292 752 291 
427 733 757 703 
428 418 753 417 
429 708 753 418 
430 703 759 735 
431 710 751 425 
432 707 752 292 
433 709 750 488 
434 714 753 737 
435 703 757 490 
436 489 757 709 
437 749 756 732 
438 738 758 739 
439 714 759 492 
440 491 759 703 
441 487 760 14 
442 424 763 30 
443 417 762 29 
444 29 762 493 
445 14 760 297 
446 30 763 423 
447 291 761 13 
448 13 761 430 
449 713 754 741 
450 732 754 731 
451 730 755 729 
452 709 755 750 
453 490 757 489 
454 740 756 749 
455 739 758 740 
456 750 760 487 
457 751 763 424 
458 752 761 291 
459 492 759 491 
460 493 762 714 
461 297 760 711 
462 423 763 712 
463 430 761 713 
464 753 762 417 
465 765 767 730 
466 705 765 764 
467 764 765 745 
468 745 765 730 
469 743 765 705 
470 728 766 764 
471 731 766 728 
472 728 764 745 
473 746 766 707 
474 764 766 746 
475 705 764 746 
476 743 767 765 
477 711 767 743 
478 713 761 752 
479 711 760 750 
480 712 763 751 
481 731 768 766 
482 766 768 707 
483 714 762 753 
484 707 768 752 
485 730 767 755 
486 754 768 731 
2 5 2 162
487 805 815 773 
488 773 810 805 
489 775 799 795 
490 771 807 798 
491 798 808 771 
492 775 822 799 
493 392 809 391 
494 779 803 801 
495 776 804 803 
496 801 824 779 
497 391 809 773 
498 771 809 392 
499 772 801 800 
500 772 800 799 
501 785 814 802 
502 803 804 802 
503 780 815 805 
504 808 809 771 
505 802 814 800 
506 802 804 785 
507 808 829 809 
508 809 829 810 
509 807 819 798 
510 795 820 775 
511 801 802 800 
512 817 820 778 
513 820 833 778 
514 810 821 805 
515 809 810 773 
516 801 803 802 
517 803 818 776 
518 519 781 769 
519 804 813 783 
520 778 811 401 
521 800 814 793 
522 781 782 769 
523 791 797 794 
524 795 799 793 
525 792 812 796 
526 785 804 783 
527 783 813 769 
528 789 814 786 
529 781 805 782 
530 788 791 790 
531 784 787 786 
532 393 807 771 
533 400 811 770 
534 791 794 790 
535 777 807 394 
536 770 806 399 
537 769 813 518 
538 780 781 520 
539 791 798 797 
540 782 783 769 
541 788 789 786 
542 776 813 804 
543 399 806 398 
544 518 813 517 
545 780 805 781 
546 398 806 774 
547 517 813 776 
548 799 800 793 
549 784 785 783 
550 792 795 793 
551 782 784 783 
552 784 786 785 
553 395 777 394 
554 402 778 401 
555 409 779 408 
556 521 780 520 
557 786 814 785 
558 787 788 786 
559 394 807 393 
560 401 811 400 
561 520 781 519 
562 393 771 392 
563 400 770 399 
564 407 772 406 
565 519 769 518 
566 790 792 789 
567 792 796 795 
568 792 793 789 
569 790 812 792 
570 788 790 789 
571 391 773 390 
572 398 774 397 
573 405 775 404 
574 517 776 516 
575 794 812 790 
576 793 814 789 
577 798 823 808 
578 816 834 777 
579 777 834 819 
580 390 815 389 
581 397 816 396 
582 404 817 403 
583 799 822 772 
584 516 818 515 
585 776 818 516 
586 772 824 801 
587 773 815 390 
588 774 816 397 
589 775 817 404 
590 787 829 823 
591 779 818 803 
592 805 821 782 
593 784 821 787 
594 772 822 406 
595 405 822 775 
596 787 823 788 
597 791 823 798 
598 407 824 772 
599 779 824 408 
600 389 827 25 
601 396 828 26 
602 403 825 27 
603 28 826 409 
604 515 826 28 
605 25 827 521 
606 26 828 395 
607 27 825 402 
608 821 829 787 
609 798 819 797 
610 777 819 807 
611 796 820 795 
612 823 829 808 
613 782 821 784 
614 775 820 817 
615 406 822 405 
616 788 823 791 
617 810 829 821 
618 817 825 403 
619 815 827 389 
620 816 828 396 
621 408 824 407 
622 402 825 778 
623 409 826 779 
624 395 828 777 
625 521 827 780 
626 818 826 515 
627 832 833 796 
628 797 830 794 
629 794 831 812 
630 806 830 774 
631 811 832 770 
632 812 832 796 
633 830 831 794 
634 831 832 812 
635 806 831 830 
636 770 831 806 
637 770 832 831 
638 811 833 832 
639 778 833 811 
640 778 825 817 
641 780 827 815 
642 777 828 816 
643 797 834 830 
644 830 834 774 
645 779 826 818 
646 774 834 816 
647 796 833 820 
648 819 834 797 
2 6 2 162
649 880 883 840 
650 839 865 861 
651 836 874 864 
652 840 890 880 
653 864 889 836 
654 839 888 865 
655 846 869 867 
656 841 870 869 
657 867 891 846 
658 838 867 866 
659 838 866 865 
660 851 877 868 
661 869 870 868 
662 844 883 880 
663 872 890 876 
664 876 889 872 
665 868 877 866 
666 868 870 851 
667 874 886 864 
668 861 887 839 
669 867 868 866 
670 882 887 843 
671 887 899 843 
672 876 890 840 
673 867 869 868 
674 869 885 841 
675 849 873 850 
676 852 877 851 
677 851 870 848 
678 855 877 852 
679 850 873 853 
680 879 880 849 
681 844 880 879 
682 843 875 317 
683 853 873 872 
684 857 871 864 
685 300 847 841 
686 314 878 842 
687 858 859 855 
688 835 849 848 
689 853 871 854 
690 857 863 860 
691 301 847 300 
692 859 877 855 
693 835 847 301 
694 315 878 314 
695 837 878 315 
696 317 875 316 
697 849 850 848 
698 853 872 871 
699 866 877 859 
700 854 856 855 
701 854 871 857 
702 316 875 837 
703 311 845 310 
704 514 846 513 
705 847 870 841 
706 848 870 847 
707 309 874 836 
708 302 835 301 
709 304 844 303 
710 316 837 315 
711 318 843 317 
712 865 866 859 
713 850 852 851 
714 309 836 308 
715 845 874 310 
716 512 838 511 
717 849 880 873 
718 856 858 855 
719 854 855 852 
720 300 841 299 
721 314 842 313 
722 307 840 306 
723 510 839 509 
724 850 851 848 
725 861 865 859 
726 854 857 856 
727 850 853 852 
728 857 864 863 
729 853 854 852 
730 858 862 861 
731 308 876 307 
732 307 876 840 
733 857 860 856 
734 858 861 859 
735 302 879 835 
736 844 879 303 
737 835 848 847 
738 835 879 849 
739 836 876 308 
740 310 874 309 
741 303 879 302 
742 860 881 856 
743 856 881 858 
744 858 881 862 
745 884 900 845 
746 845 900 886 
747 836 889 876 
748 509 882 508 
749 306 883 305 
750 313 884 312 
751 865 888 838 
752 299 885 298 
753 841 885 299 
754 838 891 867 
755 839 882 509 
756 842 884 313 
757 840 883 306 
758 846 885 869 
759 510 888 839 
760 838 888 511 
761 871 889 864 
762 880 890 873 
763 846 891 513 
764 512 891 838 
765 17 893 318 
766 508 893 17 
767 298 894 14 
768 312 895 16 
769 14 894 514 
770 16 895 311 
771 305 892 15 
772 15 892 304 
773 864 886 863 
774 845 886 874 
775 862 887 861 
776 839 887 882 
777 511 888 510 
778 872 889 871 
779 873 890 872 
780 883 892 305 
781 882 893 508 
782 884 895 312 
783 513 891 512 
784 318 893 843 
785 304 892 844 
786 311 895 845 
787 514 894 846 
788 885 894 298 
789 898 899 862 
790 860 897 896 
791 896 897 878 
792 878 897 842 
793 863 897 860 
794 837 896 878 
795 875 898 837 
796 896 898 881 
797 837 898 896 
798 860 896 881 
799 881 898 862 
800 875 899 898 
801 843 899 875 
802 844 892 883 
803 845 895 884 
804 843 893 882 
805 863 900 897 
806 897 900 842 
807 846 894 885 
808 842 900 884 
809 862 899 887 
810 886 900 863 
2 7 2 162
811 938 949 906 
812 904 940 930 
813 905 931 927 
814 906 956 938 
815 930 954 904 
816 905 955 931 
817 909 935 933 
818 908 947 935 
819 933 957 909 
820 903 933 932 
821 903 932 931 
822 917 946 934 
823 935 947 934 
824 911 949 938 
825 937 956 942 
826 942 954 937 
827 934 946 932 
828 934 947 917 
829 940 952 930 
830 927 953 905 
831 933 934 932 
832 950 953 912 
833 953 965 912 
834 942 956 906 
835 933 935 934 
836 935 951 908 
837 914 947 913 
838 913 947 908 
839 917 947 914 
840 938 941 911 
841 923 939 930 
842 915 941 938 
843 380 941 379 
844 911 941 380 
845 910 940 387 
846 902 915 914 
847 920 939 923 
848 379 941 902 
849 526 943 901 
850 386 940 904 
851 902 914 913 
852 924 927 925 
853 387 940 386 
854 915 938 936 
855 919 920 918 
856 916 936 919 
857 924 928 927 
858 525 944 524 
859 923 926 922 
860 912 943 527 
861 902 941 915 
862 920 922 921 
863 925 946 921 
864 932 946 925 
865 904 942 385 
866 381 911 380 
867 528 912 527 
868 379 902 378 
869 526 901 525 
870 377 913 908 
871 384 942 906 
872 524 944 907 
873 377 908 376 
874 524 907 523 
875 922 924 921 
876 923 930 929 
877 374 909 373 
878 388 910 387 
879 920 921 918 
880 937 939 919 
881 385 942 384 
882 386 904 385 
883 372 903 371 
884 916 918 917 
885 922 945 924 
886 527 943 526 
887 923 929 926 
888 927 931 925 
889 924 925 921 
890 924 945 928 
891 916 917 914 
892 915 936 916 
893 931 932 925 
894 378 913 377 
895 901 944 525 
896 920 923 922 
897 936 937 919 
898 916 919 918 
899 919 939 920 
900 370 905 369 
901 384 906 383 
902 915 916 914 
903 926 945 922 
904 902 913 378 
905 921 946 918 
906 918 946 917 
907 948 966 910 
908 910 966 952 
909 904 954 942 
910 523 948 522 
911 369 950 368 
912 383 949 382 
913 931 955 903 
914 376 951 375 
915 908 951 376 
916 903 957 933 
917 906 949 383 
918 907 948 523 
919 905 950 369 
920 909 951 935 
921 939 954 930 
922 370 955 905 
923 903 955 371 
924 938 956 936 
925 372 957 903 
926 909 957 373 
927 25 959 388 
928 522 959 25 
929 368 960 22 
930 382 961 24 
931 22 960 528 
932 24 961 381 
933 375 958 23 
934 23 958 374 
935 910 952 940 
936 930 952 929 
937 928 953 927 
938 905 953 950 
939 937 954 939 
940 371 955 370 
941 936 956 937 
942 950 960 368 
943 948 959 522 
944 949 961 382 
945 373 957 372 
946 374 958 909 
947 388 959 910 
948 381 961 911 
949 528 960 912 
950 951 958 375 
951 962 965 928 
952 963 964 944 
953 943 962 901 
954 944 964 907 
955 901 963 944 
956 926 964 963 
957 962 963 901 
958 929 964 926 
959 926 963 945 
960 945 962 928 
961 945 963 962 
962 943 965 962 
963 912 965 943 
964 912 960 950 
965 910 959 948 
966 911 961 949 
967 929 966 964 
968 964 966 907 
969 909 958 951 
970 907 966 948 
971 928 965 953 
972 952 966 929 
2 8 2 162
973 1002 1015 972 
974 972 1007 1002 
975 973 997 993 
976 969 1004 996 
977 996 1005 969 
978 973 1020 997 
979 329 1006 328 
980 977 1001 999 
981 971 1003 1001 
982 999 1022 977 
983 328 1006 972 
984 969 1006 329 
985 970 999 998 
986 970 998 997 
987 983 1012 1000 
988 1001 1003 1000 
989 975 1015 1002 
990 1005 1006 969 
991 1000 1012 998 
992 1000 1003 983 
993 1005 1027 1006 
994 1006 1027 1007 
995 1004 1017 996 
996 993 1018 973 
997 999 1000 998 
998 1013 1018 978 
999 1018 1031 978 
1000 1007 1019 1002 
1001 1006 1007 972 
1002 999 1001 1000 
1003 1001 1016 971 
1004 981 1009 968 
1005 1003 1009 981 
1006 971 1009 1003 
1007 976 1004 331 
1008 978 1008 569 
1009 323 979 968 
1010 975 979 324 
1011 986 988 987 
1012 975 1002 979 
1013 993 997 991 
1014 986 989 988 
1015 983 1003 981 
1016 325 975 324 
1017 332 976 331 
1018 507 977 506 
1019 570 978 569 
1020 992 1011 988 
1021 567 1010 566 
1022 979 1002 980 
1023 968 1009 322 
1024 990 993 991 
1025 988 990 987 
1026 986 987 984 
1027 991 1012 987 
1028 989 996 995 
1029 980 982 981 
1030 330 1004 969 
1031 568 1008 967 
1032 979 980 968 
1033 324 979 323 
1034 331 1004 330 
1035 569 1008 568 
1036 323 968 322 
1037 330 969 329 
1038 505 970 504 
1039 568 967 567 
1040 322 1009 321 
1041 321 1009 971 
1042 566 1010 974 
1043 982 984 983 
1044 985 986 984 
1045 967 1010 567 
1046 984 1012 983 
1047 321 971 320 
1048 328 972 327 
1049 503 973 502 
1050 566 974 565 
1051 980 981 968 
1052 989 992 988 
1053 988 1011 990 
1054 990 991 987 
1055 989 995 992 
1056 990 1011 994 
1057 987 1012 984 
1058 982 985 984 
1059 990 994 993 
1060 997 998 991 
1061 982 983 981 
1062 998 1012 991 
1063 996 1021 1005 
1064 1014 1032 976 
1065 976 1032 1017 
1066 502 1013 501 
1067 327 1015 326 
1068 565 1014 564 
1069 997 1020 970 
1070 320 1016 319 
1071 971 1016 320 
1072 970 1022 999 
1073 973 1013 502 
1074 972 1015 327 
1075 974 1014 565 
1076 985 1027 1021 
1077 977 1016 1001 
1078 982 1019 985 
1079 1002 1019 980 
1080 970 1020 504 
1081 503 1020 973 
1082 985 1021 986 
1083 989 1021 996 
1084 977 1022 506 
1085 505 1022 970 
1086 501 1026 37 
1087 326 1024 5 
1088 319 1023 17 
1089 564 1025 18 
1090 37 1026 570 
1091 5 1024 325 
1092 17 1023 507 
1093 18 1025 332 
1094 1019 1027 985 
1095 996 1017 995 
1096 976 1017 1004 
1097 994 1018 993 
1098 1021 1027 1005 
1099 980 1019 982 
1100 973 1018 1013 
1101 504 1020 503 
1102 986 1021 989 
1103 1007 1027 1019 
1104 1013 1026 501 
1105 1014 1025 564 
1106 1015 1024 326 
1107 506 1022 505 
1108 325 1024 975 
1109 332 1025 976 
1110 507 1023 977 
1111 570 1026 978 
1112 1016 1023 319 
1113 1028 1031 994 
1114 1010 1029 974 
1115 1010 1030 1029 
1116 1008 1028 967 
1117 1028 1030 967 
1118 1011 1030 1028 
1119 992 1030 1011 
1120 1029 1030 992 
1121 995 1029 992 
1122 1011 1028 994 
1123 967 1030 1010 
1124 1008 1031 1028 
1125 978 1031 1008 
1126 976 1025 1014 
1127 975 1024 1015 
1128 978 1026 1013 
1129 995 1032 1029 
1130 1029 1032 974 
1131 977 1023 1016 
1132 974 1032 1014 
1133 994 1031 1018 
1134 1017 1032 995 
2 9 2 162
1135 1069 1081 1039 
1136 1034 1073 1062 
1137 1040 1063 1059 
1138 1039 1088 1069 
1139 1062 1086 1034 
1140 1040 1087 1063 
1141 1044 1067 1065 
1142 1038 1068 1067 
1143 1065 1089 1044 
1144 1033 1065 1064 
1145 1033 1064 1063 
1146 1049 1074 1066 
1147 1067 1068 1066 
1148 1041 1081 1069 
1149 1071 1088 1077 
1150 1077 1086 1071 
1151 1066 1074 1064 
1152 1066 1068 1049 
1153 1073 1084 1062 
1154 1059 1085 1040 
1155 1065 1066 1064 
1156 1080 1085 1042 
1157 1085 1097 1042 
1158 1077 1088 1039 
1159 1065 1067 1066 
1160 1067 1083 1038 
1161 1055 1070 1062 
1162 1043 1073 366 
1163 1046 1047 1035 
1164 1038 1076 1068 
1165 1042 1072 534 
1166 1045 1069 1046 
1167 1055 1062 1061 
1168 358 1045 1035 
1169 1051 1078 1071 
1170 1045 1046 1035 
1171 1058 1075 1054 
1172 1035 1076 357 
1173 1068 1076 1047 
1174 1052 1070 1055 
1175 1057 1074 1053 
1176 1048 1078 1051 
1177 1054 1056 1053 
1178 1050 1074 1049 
1179 1052 1053 1050 
1180 364 1077 363 
1181 1049 1068 1047 
1182 1056 1057 1053 
1183 1046 1048 1047 
1184 1053 1074 1050 
1185 1051 1070 1052 
1186 1048 1051 1050 
1187 1052 1055 1054 
1188 1041 1045 359 
1189 1036 1079 532 
1190 1047 1076 1035 
1191 1046 1078 1048 
1192 357 1076 356 
1193 359 1045 358 
1194 532 1079 531 
1195 534 1072 533 
1196 358 1035 357 
1197 1056 1059 1057 
1198 367 1043 366 
1199 556 1044 555 
1200 533 1072 1036 
1201 365 1034 364 
1202 1048 1049 1047 
1203 1052 1054 1053 
1204 554 1033 553 
1205 1048 1050 1049 
1206 1041 1069 1045 
1207 363 1077 1039 
1208 531 1079 1037 
1209 356 1076 1038 
1210 363 1039 362 
1211 552 1040 551 
1212 360 1041 359 
1213 535 1042 534 
1214 533 1036 532 
1215 1051 1071 1070 
1216 366 1073 365 
1217 1059 1063 1057 
1218 1064 1074 1057 
1219 1055 1061 1058 
1220 1069 1078 1046 
1221 1056 1075 1060 
1222 1034 1077 364 
1223 365 1073 1034 
1224 531 1037 530 
1225 356 1038 355 
1226 1054 1075 1056 
1227 1056 1060 1059 
1228 1063 1064 1057 
1229 1051 1052 1050 
1230 1055 1058 1054 
1231 1082 1098 1043 
1232 1043 1098 1084 
1233 1034 1086 1077 
1234 362 1081 361 
1235 551 1080 550 
1236 530 1082 529 
1237 1063 1087 1033 
1238 355 1083 354 
1239 1038 1083 355 
1240 1033 1089 1065 
1241 1039 1081 362 
1242 1040 1080 551 
1243 1037 1082 530 
1244 1044 1083 1067 
1245 1070 1086 1062 
1246 1033 1087 553 
1247 552 1087 1040 
1248 1069 1088 1078 
1249 1044 1089 555 
1250 554 1089 1033 
1251 361 1093 9 
1252 550 1090 38 
1253 9 1093 360 
1254 38 1090 535 
1255 354 1091 21 
1256 529 1092 22 
1257 21 1091 556 
1258 22 1092 367 
1259 1043 1084 1073 
1260 1062 1084 1061 
1261 1060 1085 1059 
1262 1040 1085 1080 
1263 1071 1086 1070 
1264 553 1087 552 
1265 1078 1088 1071 
1266 1081 1093 361 
1267 1080 1090 550 
1268 1082 1092 529 
1269 555 1089 554 
1270 535 1090 1042 
1271 367 1092 1043 
1272 556 1091 1044 
1273 360 1093 1041 
1274 1083 1091 354 
1275 1094 1097 1060 
1276 1095 1096 1079 
1277 1058 1096 1095 
1278 1072 1094 1036 
1279 1079 1096 1037 
1280 1075 1094 1060 
1281 1036 1095 1079 
1282 1061 1096 1058 
1283 1058 1095 1075 
1284 1094 1095 1036 
1285 1075 1095 1094 
1286 1072 1097 1094 
1287 1042 1097 1072 
1288 1043 1092 1082 
1289 1041 1093 1081 
1290 1042 1090 1080 
1291 1061 1098 1096 
1292 1096 1098 1037 
1293 1044 1091 1083 
1294 1037 1098 1082 
1295 1060 1097 1085 
1296 1084 1098 1061 
2 10 2 162
1297 1128 1136 1100 
1298 1104 1129 1125 
1299 1100 1137 1128 
1300 1106 1152 1146 
1301 1127 1152 1106 
1302 1104 1153 1129 
1303 1109 1133 1131 
1304 247 1137 246 
1305 1128 1150 1136 
1306 1103 1134 1133 
1307 1131 1154 1109 
1308 1102 1131 1130 
1309 1102 1130 1129 
1310 1115 1142 1132 
1311 1133 1134 1132 
1312 1108 1137 247 
1313 246 1137 1100 
1314 1107 1145 1141 
1315 1132 1142 1130 
1316 1132 1134 1115 
1317 1145 1164 1141 
1318 1125 1151 1104 
1319 1131 1132 1130 
1320 1147 1151 1110 
1321 1151 1163 1110 
1322 1131 1133 1132 
1323 1133 1148 1103 
1324 1119 1142 1116 
1325 1123 1142 1119 
1326 1116 1142 1115 
1327 1107 1141 1140 
1328 1115 1134 1112 
1329 240 1140 239 
1330 1130 1142 1123 
1331 239 1140 1099 
1332 237 1111 1103 
1333 1125 1129 1123 
1334 1107 1140 240 
1335 1114 1115 1112 
1336 238 1111 237 
1337 1129 1130 1123 
1338 1118 1120 1119 
1339 253 1139 1101 
1340 1099 1111 238 
1341 1099 1113 1112 
1342 1111 1134 1103 
1343 1113 1114 1112 
1344 239 1099 238 
1345 246 1100 245 
1346 253 1101 252 
1347 260 1102 259 
1348 1100 1136 1135 
1349 1114 1116 1115 
1350 1112 1134 1111 
1351 237 1103 236 
1352 244 1105 243 
1353 251 1106 250 
1354 258 1104 257 
1355 241 1107 240 
1356 248 1108 247 
1357 255 1110 254 
1358 262 1109 261 
1359 1117 1118 1116 
1360 244 1135 1105 
1361 251 1138 1106 
1362 1114 1117 1116 
1363 1118 1121 1120 
1364 1122 1123 1119 
1365 1100 1135 245 
1366 1110 1139 254 
1367 1118 1119 1116 
1368 1101 1138 252 
1369 254 1139 253 
1370 1099 1112 1111 
1371 1120 1122 1119 
1372 1121 1128 1127 
1373 245 1135 244 
1374 1122 1125 1123 
1375 252 1138 251 
1376 1099 1140 1113 
1377 1121 1124 1120 
1378 1121 1127 1124 
1379 1140 1141 1113 
1380 1122 1126 1125 
1381 1120 1144 1122 
1382 1122 1144 1126 
1383 1113 1143 1114 
1384 1114 1143 1117 
1385 1124 1144 1120 
1386 1141 1143 1113 
1387 243 1145 242 
1388 250 1146 249 
1389 257 1147 256 
1390 1136 1149 1135 
1391 1129 1153 1102 
1392 1117 1150 1118 
1393 1121 1150 1128 
1394 236 1148 235 
1395 1103 1148 236 
1396 1102 1154 1131 
1397 1104 1147 257 
1398 1105 1145 243 
1399 1106 1146 250 
1400 1109 1148 1133 
1401 1146 1152 1108 
1402 258 1153 1104 
1403 1102 1153 259 
1404 1137 1152 1128 
1405 1135 1149 1105 
1406 260 1154 1102 
1407 1109 1154 261 
1408 1128 1152 1127 
1409 8 1158 255 
1410 235 1156 5 
1411 256 1158 8 
1412 5 1156 262 
1413 242 1155 6 
1414 6 1155 241 
1415 249 1157 7 
1416 7 1157 248 
1417 1118 1150 1121 
1418 1126 1151 1125 
1419 1106 1160 1127 
1420 1141 1164 1143 
1421 1117 1159 1150 
1422 1105 1164 1145 
1423 1108 1152 1137 
1424 1104 1151 1147 
1425 259 1153 258 
1426 1143 1164 1149 
1427 1143 1159 1117 
1428 1150 1159 1136 
1429 1145 1155 242 
1430 1146 1157 249 
1431 1147 1158 256 
1432 261 1154 260 
1433 255 1158 1110 
1434 262 1156 1109 
1435 248 1157 1108 
1436 241 1155 1107 
1437 1136 1159 1149 
1438 1148 1156 235 
1439 1149 1159 1143 
1440 1162 1163 1126 
1441 1139 1162 1101 
1442 1138 1160 1106 
1443 1101 1161 1138 
1444 1127 1160 1124 
1445 1101 1162 1161 
1446 1161 1162 1144 
1447 1144 1162 1126 
1448 1124 1161 1144 
1449 1138 1161 1160 
1450 1160 1161 1124 
1451 1139 1163 1162 
1452 1110 1163 1139 
1453 1108 1157 1146 
1454 1107 1155 1145 
1455 1110 1158 1147 
1456 1109 1156 1148 
1457 1149 1164 1105 
1458 1126 1163 1151 
2 11 2 162
1459 1210 1213 1170 
1460 1169 1195 1191 
1461 1166 1204 1194 
1462 1170 1220 1210 
1463 1194 1219 1166 
1464 1169 1218 1195 
1465 1176 1199 1197 
1466 1171 1200 1199 
1467 1197 1221 1176 
1468 1168 1197 1196 
1469 1168 1196 1195 
1470 1181 1207 1198 
1471 1199 1200 1198 
1472 1174 1213 1210 
1473 1202 1220 1206 
1474 1206 1219 1202 
1475 1198 1207 1196 
1476 1198 1200 1181 
1477 1204 1216 1194 
1478 1191 1217 1169 
1479 1197 1198 1196 
1480 1212 1217 1173 
1481 1217 1229 1173 
1482 1206 1220 1170 
1483 1197 1199 1198 
1484 1199 1215 1171 
1485 1179 1203 1180 
1486 1182 1207 1181 
1487 1181 1200 1178 
1488 1185 1207 1182 
1489 1180 1203 1183 
1490 1209 1210 1179 
1491 1174 1210 1209 
1492 1173 1205 352 
1493 1183 1203 1202 
1494 1187 1201 1194 
1495 335 1177 1171 
1496 349 1208 1172 
1497 1188 1189 1185 
1498 1165 1179 1178 
1499 1183 1201 1184 
1500 1187 1193 1190 
1501 336 1177 335 
1502 1189 1207 1185 
1503 1165 1177 336 
1504 350 1208 349 
1505 1167 1208 350 
1506 352 1205 351 
1507 1179 1180 1178 
1508 1183 1202 1201 
1509 1196 1207 1189 
1510 1184 1186 1185 
1511 1184 1201 1187 
1512 351 1205 1167 
1513 346 1175 345 
1514 563 1176 562 
1515 1177 1200 1171 
1516 1178 1200 1177 
1517 344 1204 1166 
1518 337 1165 336 
1519 339 1174 338 
1520 351 1167 350 
1521 353 1173 352 
1522 1195 1196 1189 
1523 1180 1182 1181 
1524 344 1166 343 
1525 1175 1204 345 
1526 561 1168 560 
1527 1179 1210 1203 
1528 1186 1188 1185 
1529 1184 1185 1182 
1530 335 1171 334 
1531 349 1172 348 
1532 342 1170 341 
1533 559 1169 558 
1534 1180 1181 1178 
1535 1191 1195 1189 
1536 1184 1187 1186 
1537 1180 1183 1182 
1538 1187 1194 1193 
1539 1183 1184 1182 
1540 1188 1192 1191 
1541 343 1206 342 
1542 342 1206 1170 
1543 1187 1190 1186 
1544 1188 1191 1189 
1545 337 1209 1165 
1546 1174 1209 338 
1547 1165 1209 1179 
1548 1165 1178 1177 
1549 1166 1206 343 
1550 345 1204 344 
1551 338 1209 337 
1552 1190 1211 1186 
1553 1186 1211 1188 
1554 1188 1211 1192 
1555 1214 1230 1175 
1556 1175 1230 1216 
1557 1166 1219 1206 
1558 558 1212 557 
1559 341 1213 340 
1560 348 1214 347 
1561 1195 1218 1168 
1562 334 1215 333 
1563 1171 1215 334 
1564 1168 1221 1197 
1565 1169 1212 558 
1566 1172 1214 348 
1567 1170 1213 341 
1568 1176 1215 1199 
1569 559 1218 1169 
1570 1168 1218 560 
1571 1201 1219 1194 
1572 1210 1220 1203 
1573 1176 1221 562 
1574 561 1221 1168 
1575 21 1223 353 
1576 557 1223 21 
1577 333 1224 18 
1578 347 1225 20 
1579 18 1224 563 
1580 20 1225 346 
1581 340 1222 19 
1582 19 1222 339 
1583 1194 1216 1193 
1584 1175 1216 1204 
1585 1192 1217 1191 
1586 1169 1217 1212 
1587 560 1218 559 
1588 1202 1219 1201 
1589 1203 1220 1202 
1590 1213 1222 340 
1591 1212 1223 557 
1592 1214 1225 347 
1593 562 1221 561 
1594 353 1223 1173 
1595 339 1222 1174 
1596 346 1225 1175 
1597 563 1224 1176 
1598 1215 1224 333 
1599 1228 1229 1192 
1600 1190 1227 1226 
1601 1226 1227 1208 
1602 1208 1227 1172 
1603 1193 1227 1190 
1604 1167 1226 1208 
1605 1205 1228 1167 
1606 1226 1228 1211 
1607 1167 1228 1226 
1608 1190 1226 1211 
1609 1211 1228 1192 
1610 1205 1229 1228 
1611 1173 1229 1205 
1612 1174 1222 1213 
1613 1175 1225 1214 
1614 1173 1223 1212 
1615 1193 1230 1227 
1616 1227 1230 1172 
1617 1176 1224 1215 
1618 1172 1230 1214 
1619 1192 1229 1217 
1620 1216 1230 1193 
2 12 2 162
1621 1260 1269 1232 
1622 1235 1261 1257 
1623 1232 1270 1260 
1624 1237 1284 1279 
1625 1259 1284 1237 
1626 1235 1285 1261 
1627 1240 1265 1263 
1628 275 1270 274 
1629 1260 1282 1269 
1630 1238 1267 1265 
1631 1263 1286 1240 
1632 1234 1263 1262 
1633 1234 1262 1261 
1634 1247 1276 1264 
1635 1265 1267 1264 
1636 1239 1270 275 
1637 274 1270 1232 
1638 1241 1277 1272 
1639 1264 1276 1262 
1640 1264 1267 1247 
1641 1257 1283 1235 
1642 1272 1296 1241 
1643 1263 1264 1262 
1644 1278 1283 1242 
1645 1283 1295 1242 
1646 1263 1265 1264 
1647 1265 1280 1238 
1648 1254 1266 1258 
1649 1252 1266 1254 
1650 1268 1271 1236 
1651 1271 1272 1236 
1652 1232 1269 1268 
1653 1256 1266 1252 
1654 265 1243 1238 
1655 1231 1245 1244 
1656 273 1268 272 
1657 1232 1268 273 
1658 266 1243 265 
1659 280 1274 279 
1660 268 1275 267 
1661 1241 1275 268 
1662 1269 1271 1268 
1663 1250 1251 1248 
1664 1252 1254 1251 
1665 1249 1250 1248 
1666 1254 1258 1257 
1667 1253 1256 1252 
1668 1231 1243 266 
1669 272 1268 1236 
1670 1255 1276 1251 
1671 1233 1274 280 
1672 1254 1257 1255 
1673 267 1231 266 
1674 281 1233 280 
1675 282 1273 281 
1676 288 1234 287 
1677 265 1238 264 
1678 279 1237 278 
1679 1244 1267 1243 
1680 1250 1252 1251 
1681 279 1274 1237 
1682 1246 1248 1247 
1683 269 1241 268 
1684 274 1232 273 
1685 283 1242 282 
1686 290 1240 289 
1687 1254 1255 1251 
1688 1253 1259 1256 
1689 1257 1261 1255 
1690 1247 1267 1244 
1691 1251 1276 1248 
1692 1250 1253 1252 
1693 1246 1249 1248 
1694 276 1239 275 
1695 1231 1244 1243 
1696 1246 1247 1244 
1697 267 1275 1231 
1698 281 1273 1233 
1699 1243 1267 1238 
1700 1242 1273 282 
1701 272 1236 271 
1702 286 1235 285 
1703 1262 1276 1255 
1704 1245 1246 1244 
1705 1261 1262 1255 
1706 1231 1275 1245 
1707 1253 1260 1259 
1708 1248 1276 1247 
1709 271 1277 270 
1710 285 1278 284 
1711 278 1279 277 
1712 1272 1277 1236 
1713 1271 1281 1272 
1714 1246 1281 1249 
1715 1261 1285 1234 
1716 1249 1282 1250 
1717 1253 1282 1260 
1718 264 1280 263 
1719 1238 1280 264 
1720 1234 1286 1263 
1721 1235 1278 285 
1722 1236 1277 271 
1723 1237 1279 278 
1724 1240 1280 1265 
1725 1279 1284 1239 
1726 286 1285 1235 
1727 1234 1285 287 
1728 1270 1284 1260 
1729 1245 1281 1246 
1730 1240 1286 289 
1731 288 1286 1234 
1732 1260 1284 1259 
1733 9 1288 290 
1734 263 1288 9 
1735 12 1290 283 
1736 284 1290 12 
1737 270 1289 10 
1738 10 1289 269 
1739 277 1287 11 
1740 11 1287 276 
1741 1241 1296 1275 
1742 1250 1282 1253 
1743 1281 1296 1272 
1744 1258 1283 1257 
1745 1237 1293 1259 
1746 1281 1292 1249 
1747 1245 1296 1281 
1748 1239 1284 1270 
1749 1235 1283 1278 
1750 1249 1292 1282 
1751 287 1285 286 
1752 1271 1292 1281 
1753 1277 1289 270 
1754 1279 1287 277 
1755 1278 1290 284 
1756 289 1286 288 
1757 283 1290 1242 
1758 290 1288 1240 
1759 269 1289 1241 
1760 276 1287 1239 
1761 1282 1292 1269 
1762 1280 1288 263 
1763 1291 1295 1258 
1764 1266 1291 1258 
1765 1291 1294 1233 
1766 1266 1294 1291 
1767 1259 1293 1256 
1768 1233 1294 1274 
1769 1273 1291 1233 
1770 1256 1294 1266 
1771 1274 1293 1237 
1772 1269 1292 1271 
1773 1274 1294 1293 
1774 1293 1294 1256 
1775 1273 1295 1291 
1776 1242 1295 1273 
1777 1275 1296 1245 
1778 1239 1287 1279 
1779 1241 1289 1277 
1780 1242 1290 1278 
1781 1240 1288 1280 
1782 1258 1295 1283 
2 13 2 162
1783 1332 1343 1302 
1784 1302 1336 1332 
1785 1299 1333 1326 
1786 1303 1327 1323 
1787 1326 1334 1299 
1788 1303 1350 1327 
1789 497 1335 496 
1790 1307 1331 1329 
1791 1301 1338 1331 
1792 1329 1352 1307 
1793 496 1335 1302 
1794 1299 1335 497 
1795 1297 1329 1328 
1796 1297 1328 1327 
1797 1313 1339 1330 
1798 1331 1338 1330 
1799 1305 1343 1332 
1800 1334 1335 1299 
1801 1330 1339 1328 
1802 1330 1338 1313 
1803 1334 1357 1335 
1804 1335 1357 1336 
1805 1333 1347 1326 
1806 1323 1348 1303 
1807 1329 1330 1328 
1808 1344 1348 1308 
1809 1348 1361 1308 
1810 1336 1349 1332 
1811 1335 1336 1302 
1812 1329 1331 1330 
1813 1331 1346 1301 
1814 414 1309 1298 
1815 498 1333 1299 
1816 547 1337 1300 
1817 1305 1309 415 
1818 1306 1333 499 
1819 1308 1337 548 
1820 1338 1340 1311 
1821 1320 1323 1321 
1822 1318 1320 1317 
1823 1319 1322 1318 
1824 1319 1326 1325 
1825 1305 1332 1309 
1826 1316 1317 1314 
1827 1322 1342 1318 
1828 1320 1321 1317 
1829 1319 1325 1322 
1830 1313 1338 1311 
1831 416 1305 415 
1832 500 1306 499 
1833 542 1307 541 
1834 549 1308 548 
1835 413 1340 412 
1836 546 1341 545 
1837 1309 1332 1310 
1838 1321 1339 1317 
1839 1327 1328 1321 
1840 1310 1312 1311 
1841 1314 1339 1313 
1842 1318 1342 1320 
1843 1328 1339 1321 
1844 1309 1310 1298 
1845 1301 1340 1338 
1846 415 1309 414 
1847 499 1333 498 
1848 548 1337 547 
1849 414 1298 413 
1850 498 1299 497 
1851 540 1297 539 
1852 547 1300 546 
1853 545 1341 1304 
1854 412 1340 1301 
1855 1300 1341 546 
1856 412 1301 411 
1857 1298 1340 413 
1858 496 1302 495 
1859 538 1303 537 
1860 545 1304 544 
1861 1310 1311 1298 
1862 1312 1313 1311 
1863 1320 1324 1323 
1864 1316 1318 1317 
1865 1323 1327 1321 
1866 1316 1319 1318 
1867 1311 1340 1298 
1868 1312 1315 1314 
1869 1317 1339 1314 
1870 1320 1342 1324 
1871 1312 1314 1313 
1872 1315 1316 1314 
1873 1326 1351 1334 
1874 1345 1362 1306 
1875 1306 1362 1347 
1876 495 1343 494 
1877 537 1344 536 
1878 544 1345 543 
1879 1327 1350 1297 
1880 411 1346 410 
1881 1301 1346 411 
1882 1297 1352 1329 
1883 1302 1343 495 
1884 1303 1344 537 
1885 1304 1345 544 
1886 1315 1357 1351 
1887 1307 1346 1331 
1888 1312 1349 1315 
1889 1332 1349 1310 
1890 538 1350 1303 
1891 1297 1350 539 
1892 1319 1351 1326 
1893 1315 1351 1316 
1894 540 1352 1297 
1895 1307 1352 541 
1896 410 1353 28 
1897 494 1354 29 
1898 543 1355 37 
1899 536 1356 38 
1900 28 1353 542 
1901 29 1354 416 
1902 37 1355 500 
1903 38 1356 549 
1904 1349 1357 1315 
1905 1306 1347 1333 
1906 1326 1347 1325 
1907 1324 1348 1323 
1908 1351 1357 1334 
1909 1310 1349 1312 
1910 1303 1348 1344 
1911 539 1350 538 
1912 1316 1351 1319 
1913 1336 1357 1349 
1914 1343 1354 494 
1915 1344 1356 536 
1916 1345 1355 543 
1917 541 1352 540 
1918 416 1354 1305 
1919 500 1355 1306 
1920 542 1353 1307 
1921 549 1356 1308 
1922 1346 1353 410 
1923 1359 1361 1324 
1924 1341 1358 1304 
1925 1342 1359 1324 
1926 1325 1358 1322 
1927 1359 1360 1300 
1928 1342 1360 1359 
1929 1337 1359 1300 
1930 1322 1360 1342 
1931 1300 1360 1341 
1932 1358 1360 1322 
1933 1341 1360 1358 
1934 1337 1361 1359 
1935 1308 1361 1337 
1936 1305 1354 1343 
1937 1306 1355 1345 
1938 1308 1356 1344 
1939 1325 1362 1358 
1940 1358 1362 1304 
1941 1307 1353 1346 
1942 1304 1362 1345 
1943 1324 1361 1348 
1944 1347 1362 1325 
2 14 2 4850
1945 2758 3227 2275 
1946 1437 2412 2411 
1947 1438 2416 2415 
1948 1498 2927 2811 
1949 2811 2927 2799 
1950 2847 3157 1646 
1951 1437 3305 2412 
1952 1438 3304 2416 
1953 2305 3157 2847 
1954 1439 2424 2423 
1955 2337 2474 1503 
1956 249 2431 1425 
1957 1439 3309 2424 
1958 2636 2982 2221 
1959 94 3149 93 
1960 1474 2392 2391 
1961 2428 2875 2115 
1962 2130 3017 2529 
1963 1402 3142 2800 
1964 470 2760 471 
1965 3030 3297 3140 
1966 1988 2844 2536 
1967 2536 2844 2323 
1968 1363 3376 3189 
1969 2136 2377 1983 
1970 92 2410 1398 
1971 2492 2493 1597 
1972 2493 2494 1597 
1973 1877 3136 2972 
1974 1876 3137 2971 
1975 1878 3138 2974 
1976 2323 2844 1481 
1977 1604 2466 2465 
1978 1481 2812 2323 
1979 2335 2669 1611 
1980 2798 2841 1622 
1981 3135 3254 2927 
1982 2927 3254 2799 
1983 1604 2465 2464 
1984 1481 2867 2812 
1985 2812 2867 2328 
1986 2832 2842 1624 
1987 2362 2726 2142 
1988 2241 2389 2136 
1989 2640 3092 2595 
1990 2328 2867 1706 
1991 1706 2897 2328 
1992 2529 3017 2467 
1993 452 2506 1424 
1994 1398 2410 2356 
1995 3156 3227 2758 
1996 2428 3146 2875 
1997 2760 3194 1427 
1998 2800 3302 1402 
1999 2972 3325 1877 
2000 2971 3324 1876 
2001 1503 2473 2337 
2002 2974 3329 1878 
2003 2354 2370 1594 
2004 3300 3391 2259 
2005 2343 3391 3300 
2006 93 3149 2410 
2007 1688 2461 2400 
2008 1427 3194 2501 
2009 1430 2429 248 
2010 2646 3190 2262 
2011 2496 2988 2131 
2012 93 2410 92 
2013 1622 3332 2798 
2014 2260 3184 2639 
2015 2368 2732 2009 
2016 2369 2735 2010 
2017 2426 3105 1433 
2018 3128 3271 2897 
2019 2144 3189 2963 
2020 2414 3111 1431 
2021 2418 3109 1432 
2022 1706 3128 2897 
2023 2129 3093 3088 
2024 3140 3297 2650 
2025 1995 2890 2680 
2026 1584 3383 2528 
2027 2407 2475 1833 
2028 2405 2458 1832 
2029 2595 3330 2640 
2030 2528 3180 1584 
2031 1576 3029 2625 
2032 1596 2383 2382 
2033 2963 3189 2314 
2034 3088 3093 2691 
2035 2329 2871 1500 
2036 2331 2845 1502 
2037 2364 2429 1430 
2038 248 2429 7 
2039 2333 2850 1501 
2040 2431 2432 1425 
2041 1991 2693 2144 
2042 2806 2843 1623 
2043 1606 2386 2385 
2044 1607 2388 2387 
2045 2625 3029 2606 
2046 3172 3443 2251 
2047 1971 3104 1969 
2048 1363 3189 2721 
2049 2068 3014 2467 
2050 2358 2961 2174 
2051 2495 2988 2496 
2052 33 2506 452 
2053 1423 3097 2296 
2054 1396 2393 2355 
2055 1463 2384 2383 
2056 2296 3447 1423 
2057 2673 3438 2486 
2058 1433 3106 2426 
2059 2448 2917 1645 
2060 1431 3112 2414 
2061 1432 3110 2418 
2062 1624 3294 2832 
2063 1594 2813 2354 
2064 2050 2485 2349 
2065 1967 2507 2119 
2066 2349 3394 2050 
2067 2601 3448 2600 
2068 2470 2760 470 
2069 3106 3155 2535 
2070 1482 3080 2386 
2071 1483 3081 2388 
2072 1474 3261 2392 
2073 1815 2428 2115 
2074 1447 2451 2450 
2075 3046 3448 2601 
2076 2495 2995 1961 
2077 2241 3177 2389 
2078 2356 2401 1398 
2079 3112 3150 2533 
2080 3110 3151 2531 
2081 1780 3228 2344 
2082 1404 2855 2809 
2083 1815 3229 2428 
2084 1430 2433 2364 
2085 2355 2483 1396 
2086 1835 3139 3047 
2087 2579 3140 2650 
2088 2494 2496 1416 
2089 2344 3200 1780 
2090 1623 3361 2806 
2091 1995 3303 2890 
2092 3189 3376 2314 
2093 2167 2770 2447 
2094 2650 3472 2579 
2095 1442 2453 2375 
2096 2085 2984 2813 
2097 2709 3161 2725 
2098 1433 3155 3106 
2099 2468 2982 2636 
2100 2696 3167 1429 
2101 1611 3253 2335 
2102 2612 3384 279 
2103 279 3225 2612 
2104 1592 2635 2468 
2105 1432 3151 3110 
2106 1431 3150 3112 
2107 2965 3443 3172 
2108 7 2431 249 
2109 2136 3221 2377 
2110 2639 3260 2260 
2111 1969 3104 2507 
2112 1396 2520 2393 
2113 1418 2529 2466 
2114 1469 3266 2390 
2115 1500 3307 2329 
2116 1502 3308 2331 
2117 1688 3280 2461 
2118 2475 3301 1833 
2119 1463 3477 2384 
2120 1501 3311 2333 
2121 1704 2463 2395 
2122 2262 3252 2646 
2123 1440 2524 2378 
2124 2401 2537 1398 
2125 2458 3285 1832 
2126 1647 3164 2476 
2127 3211 3313 401 
2128 1429 3386 2696 
2129 468 2453 1442 
2130 2486 2934 2673 
2131 1447 3364 2451 
2132 2395 2520 1704 
2133 2381 2526 1444 
2134 3030 3140 1808 
2135 3047 3381 1835 
2136 2468 2635 2365 
2137 2375 2469 1442 
2138 1416 3299 2494 
2139 2158 2693 1991 
2140 1645 3333 2448 
2141 471 2760 1427 
2142 2221 3181 2636 
2143 2478 2480 1640 
2144 2506 2507 1424 
2145 1969 2507 1967 
2146 1646 3157 2459 
2147 2645 3337 1418 
2148 467 2453 468 
2149 462 2776 463 
2150 1701 2537 2403 
2151 2749 2750 2603 
2152 2403 2491 1701 
2153 2476 3075 1647 
2154 2606 3029 1808 
2155 2558 2882 2716 
2156 2174 3320 2358 
2157 2726 2885 2142 
2158 3103 3483 3433 
2159 2365 2635 1395 
2160 2459 3095 1646 
2161 2809 3322 1404 
2162 1601 3438 2673 
2163 2308 3334 2131 
2164 2379 3211 1462 
2165 2604 3101 1488 
2166 2142 3269 2362 
2167 2466 3312 1418 
2168 3433 3483 2342 
2169 1428 3321 3316 
2170 2244 3187 2359 
2171 1704 3123 2463 
2172 2427 3338 2361 
2173 3316 3321 2614 
2174 2467 3014 2465 
2175 2350 2887 1580 
2176 2352 2888 1579 
2177 2119 2507 2506 
2178 3123 3423 2463 
2179 245 2437 246 
2180 2361 3338 3336 
2181 2668 2669 2335 
2182 1385 3248 2965 
2183 78 3276 77 
2184 2380 3313 3211 
2185 2156 3371 2398 
2186 2153 3372 2399 
2187 1808 3140 2606 
2188 2360 3168 1609 
2189 2403 2537 2401 
2190 454 2522 455 
2191 2359 3434 2244 
2192 2377 3212 1983 
2193 2467 3017 2068 
2194 2433 3041 2918 
2195 2393 2520 2395 
2196 2009 3272 2368 
2197 2010 3273 2369 
2198 2493 2995 2495 
2199 1488 3530 2604 
2200 2914 3341 1683 
2201 2910 3340 1684 
2202 1683 3293 2914 
2203 1684 3292 2910 
2204 2222 2469 2224 
2205 2362 2513 1713 
2206 2369 2701 1677 
2207 2753 3289 2181 
2208 1598 3149 94 
2209 1596 3251 2383 
2210 2725 3161 1395 
2211 1609 3467 2360 
2212 3213 3267 2376 
2213 2725 3281 2709 
2214 2491 3125 1701 
2215 1832 2459 2405 
2216 132 2483 131 
2217 1602 3190 2646 
2218 1427 2501 2500 
2219 2432 2472 2059 
2220 3175 3216 1718 
2221 3176 3217 1719 
2222 2087 3437 2655 
2223 1606 3256 2386 
2224 1607 3257 2388 
2225 3375 3395 2624 
2226 469 2470 470 
2227 2901 3149 1598 
2228 2655 3452 2087 
2229 1462 3382 2379 
2230 3173 3214 1882 
2231 2491 3435 3125 
2232 1640 3362 2478 
2233 2391 3108 1474 
2234 1708 3134 3070 
2235 2447 3317 2167 
2236 1833 2476 2407 
2237 1961 2988 2495 
2238 1982 3391 2441 
2239 1395 3161 2365 
2240 2382 3197 1596 
2241 2623 3375 2624 
2242 1472 2839 2461 
2243 2458 2839 1472 
2244 2411 2413 1437 
2245 2415 2417 1438 
2246 2639 3184 1605 
2247 1899 2700 2438 
2248 2263 3376 3374 
2249 2385 3202 1606 
2250 2387 3203 1607 
2251 2681 3449 3319 
2252 2275 3218 2758 
2253 1575 3267 3213 
2254 2273 2926 2268 
2255 2813 2984 2354 
2256 2423 2425 1439 
2257 2750 3310 2592 
2258 2388 3257 1483 
2259 2386 3256 1482 
2260 2383 3251 1463 
2261 2389 3221 2136 
2262 1598 3485 2901 
2263 1906 2699 2442 
2264 1913 2698 2444 
2265 2909 2910 1768 
2266 2913 2914 1769 
2267 3319 3449 2245 
2268 3076 3080 1482 
2269 3077 3081 1483 
2270 2434 2436 1441 
2271 2942 3198 2340 
2272 2378 3355 1440 
2273 2406 3283 1682 
2274 3374 3376 2720 
2275 2732 3209 2009 
2276 2735 3210 2010 
2277 2678 3266 1469 
2278 2131 3334 2496 
2279 1580 3396 2350 
2280 1579 3397 2352 
2281 1839 2782 1841 
2282 2085 2813 2355 
2283 1389 3258 3255 
2284 3255 3258 2487 
2285 2978 3035 2783 
2286 2523 2677 2011 
2287 3262 3310 2638 
2288 2429 2430 7 
2289 2965 3248 2288 
2290 2601 3310 3262 
2291 2345 3145 2346 
2292 3290 3298 2748 
2293 2398 3044 2156 
2294 2399 3045 2153 
2295 2747 3290 2748 
2296 1550 2447 2446 
2297 1443 3351 2618 
2298 2141 3104 1971 
2299 2390 3243 1469 
2300 3059 3323 2609 
2301 1430 3041 2433 
2302 1444 3360 2381 
2303 1426 3420 2611 
2304 2611 3225 1426 
2305 2710 3117 2210 
2306 3277 3284 2409 
2307 2409 3284 2408 
2308 2420 3286 3279 
2309 2422 3287 3278 
2310 1441 2437 245 
2311 2421 3287 2422 
2312 2419 3286 2420 
2313 2477 2478 1473 
2314 2475 2477 1473 
2315 1597 3153 2492 
2316 2400 3147 1688 
2317 1588 2776 462 
2318 2618 3348 1443 
2319 3119 3246 2743 
2320 3118 3245 2741 
2321 2224 2469 2375 
2322 2440 2523 1451 
2323 2088 2518 2433 
2324 2522 3020 2141 
2325 2233 2469 2222 
2326 455 2522 1451 
2327 2344 3228 2306 
2328 2433 2518 2364 
2329 3114 3238 2736 
2330 2800 3142 2294 
2331 2530 2531 1765 
2332 2532 2533 1766 
2333 2428 3229 2307 
2334 2882 3446 2716 
2335 2778 3122 2163 
2336 1713 2513 2264 
2337 2266 3102 2374 
2338 2471 2786 1415 
2339 3336 3392 2361 
2340 2008 3315 2828 
2341 2531 2937 1765 
2342 2533 2938 1766 
2343 2534 2535 1764 
2344 1841 2782 2479 
2345 1394 3392 3336 
2346 2480 3208 2481 
2347 2340 3451 2942 
2348 2787 3057 3049 
2349 3070 3462 1708 
2350 2535 2935 1764 
2351 131 2483 1594 
2352 1396 2483 132 
2353 77 3276 3090 
2354 2259 3391 1982 
2355 2413 3216 3175 
2356 2417 3217 3176 
2357 1441 2521 2434 
2358 2918 3041 2437 
2359 2446 2448 1550 
2360 2693 3398 2144 
2361 2471 3021 2173 
2362 2786 2787 1415 
2363 2603 3068 2749 
2364 2857 3302 2823 
2365 2425 3214 3173 
2366 2943 3236 2718 
2367 2776 3261 463 
2368 1451 2522 2440 
2369 2493 2495 2494 
2370 1418 3337 2529 
2371 2466 2467 2465 
2372 1677 2701 1868 
2373 2464 3152 1604 
2374 2729 3371 2156 
2375 2727 3372 2153 
2376 1442 2470 469 
2377 1415 3021 2471 
2378 2684 3234 2944 
2379 3116 3448 3037 
2380 2972 3136 2864 
2381 2971 3137 2863 
2382 2633 3073 2574 
2383 2974 3138 2854 
2384 3060 3062 1551 
2385 2449 3062 3060 
2386 2372 3495 2488 
2387 1440 2525 2524 
2388 2450 2452 1447 
2389 2210 3479 2710 
2390 2137 3114 2311 
2391 2181 3253 2753 
2392 3480 3495 2372 
2393 2530 3056 2021 
2394 2532 3055 2016 
2395 2534 3058 2026 
2396 2750 3306 2603 
2397 3277 3295 1715 
2398 11 3323 3059 
2399 2346 3200 2344 
2400 1716 3296 3279 
2401 1717 3297 3278 
2402 2718 3450 2943 
2403 2944 3454 2684 
2404 3086 3246 3119 
2405 3087 3245 3118 
2406 2273 3475 2926 
2407 2138 3118 2315 
2408 2139 3119 2316 
2409 3082 3238 3114 
2410 2039 3394 2915 
2411 2526 2527 1444 
2412 3065 3070 2169 
2413 2473 3463 1608 
2414 2592 3310 2601 
2415 2440 2677 2523 
2416 2754 3289 2753 
2417 106 3220 3143 
2418 57 3219 3144 
2419 2439 3106 2535 
2420 3145 3528 2346 
2421 134 2520 133 
2422 3006 3073 2630 
2423 1765 3056 2530 
2424 1766 3055 2532 
2425 3020 3104 2141 
2426 2474 2791 1503 
2427 2823 3294 2857 
2428 3049 3057 1757 
2429 2479 2877 1841 
2430 2880 3325 2830 
2431 2879 3324 2829 
2432 2502 2702 2296 
2433 2615 2628 2609 
2434 1764 3058 2534 
2435 2436 2437 1441 
2436 1454 3039 1525 
2437 3102 3477 2374 
2438 2617 3339 2618 
2439 1371 2787 1365 
2440 2766 2950 1544 
2441 2011 2763 2523 
2442 2881 3329 2826 
2443 2778 3482 3122 
2444 2875 3146 1687 
2445 2443 3112 2533 
2446 2445 3110 2531 
2447 1508 3092 2640 
2448 1551 3062 2774 
2449 2271 3383 3072 
2450 3339 3348 2618 
2451 2774 3070 3065 
2452 454 3020 2522 
2453 2509 3428 2162 
2454 2511 3427 2161 
2455 2978 3369 3035 
2456 1843 2782 1839 
2457 2233 2470 2469 
2458 2437 3041 246 
2459 2641 3223 2642 
2460 2389 3177 2317 
2461 2430 3534 2091 
2462 2774 3065 1551 
2463 1625 3042 2763 
2464 2324 3332 2873 
2465 1415 2787 1371 
2466 2167 3127 2770 
2467 1625 3198 2942 
2468 1702 3281 2725 
2469 2516 2918 2436 
2470 3396 3428 2509 
2471 3397 3427 2511 
2472 1608 3468 2473 
2473 2171 3050 1803 
2474 2431 2472 2432 
2475 2468 2636 1592 
2476 2648 3330 2580 
2477 2717 3032 2950 
2478 2091 3484 2430 
2479 2059 3166 2432 
2480 2436 2918 2437 
2481 1757 3057 2449 
2482 200 2669 199 
2483 2409 3295 3277 
2484 2593 2759 2612 
2485 2766 3453 2952 
2486 1611 2669 200 
2487 91 2537 90 
2488 2574 3073 3006 
2489 2782 3208 2480 
2490 1682 3283 2013 
2491 2734 3089 3083 
2492 2763 3042 2523 
2493 2434 2521 2435 
2494 1369 3338 2427 
2495 3279 3296 2420 
2496 3278 3297 2422 
2497 2671 3252 2150 
2498 1574 3116 3037 
2499 2148 3260 2661 
2500 2449 3060 1757 
2501 2381 2940 2338 
2502 2453 3165 2376 
2503 2339 2939 2378 
2504 2828 3315 2367 
2505 2500 3529 1427 
2506 2608 3059 2609 
2507 3169 3193 2188 
2508 2574 3091 2633 
2509 2538 2539 1382 
2510 133 2520 1396 
2511 2119 2506 2504 
2512 2233 2760 2470 
2513 1487 3480 2372 
2514 2228 2499 2498 
2515 2961 3212 2174 
2516 2173 3021 2539 
2517 2144 2963 1992 
2518 2412 3111 2414 
2519 2416 3109 2418 
2520 2615 2686 2628 
2521 1682 3331 2406 
2522 2295 2694 2484 
2523 2271 3072 2380 
2524 2424 3105 2426 
2525 2477 2877 2479 
2526 2228 2502 2499 
2527 1392 2538 1382 
2528 1704 2520 134 
2529 2501 3194 2217 
2530 2482 3040 3025 
2531 2433 2918 2088 
2532 2832 3230 2842 
2533 3114 3496 2311 
2534 2950 3032 1544 
2535 2528 3050 2171 
2536 1939 3159 3098 
2537 3025 3040 1644 
2538 2616 2617 2575 
2539 1506 2489 2488 
2540 3300 3543 2343 
2541 2199 2694 2295 
2542 3094 3148 2046 
2543 2557 2607 2572 
2544 2723 2990 2983 
2545 2563 2616 2575 
2546 2228 2498 2207 
2547 2078 3275 2515 
2548 1958 2503 2000 
2549 2119 2504 2503 
2550 2228 2702 2502 
2551 1377 2539 1375 
2552 2370 3526 1594 
2553 1399 2975 1392 
2554 2371 3519 3099 
2555 2087 3452 3385 
2556 1468 2667 2666 
2557 2610 2759 2593 
2558 2091 2508 2065 
2559 33 3503 2506 
2560 2749 3068 147 
2561 1398 2537 91 
2562 3047 3139 2876 
2563 2607 2608 2572 
2564 2829 3307 2879 
2565 2830 3308 2880 
2566 2915 3394 2349 
2567 3118 3501 2315 
2568 3119 3502 2316 
2569 2597 2608 2607 
2570 2568 2621 2578 
2571 2469 2470 1442 
2572 2599 3039 2941 
2573 3143 3220 2298 
2574 3144 3219 2301 
2575 1996 2723 2519 
2576 2503 2504 2000 
2577 2619 2620 2567 
2578 2723 2893 2519 
2579 2599 2941 2936 
2580 3099 3519 2032 
2581 2826 3311 2881 
2582 2786 3057 2787 
2583 218 2682 1394 
2584 2983 2990 1384 
2585 2941 3039 1454 
2586 243 2521 244 
2587 1510 2657 127 
2588 1468 2666 198 
2589 2585 2610 2593 
2590 2664 3121 2310 
2591 1382 2539 1377 
2592 2521 3061 2435 
2593 1468 2668 2667 
2594 79 2632 1505 
2595 2628 2686 2551 
2596 2251 3443 3314 
2597 2147 2516 2436 
2598 2514 2515 1510 
2599 2369 3273 2701 
2600 2951 3265 2160 
2601 1634 3434 3019 
2602 2632 2633 1505 
2603 2622 2625 2621 
2604 2777 3079 2778 
2605 2565 2619 2567 
2606 3156 3460 2976 
2607 2592 3306 2750 
2608 2497 3108 2140 
2609 2480 2481 1640 
2610 2696 2697 2505 
2611 90 2537 1701 
2612 1392 2975 2538 
2613 2621 2625 2578 
2614 2362 3269 2513 
2615 2081 2516 2147 
2616 2277 3509 2784 
2617 2140 2835 2497 
2618 1384 2990 2482 
2619 2408 3284 1390 
2620 2195 2694 2199 
2621 126 2657 2656 
2622 2631 2632 80 
2623 2505 2697 2000 
2624 2364 2518 2073 
2625 2000 2697 1956 
2626 2746 2748 1386 
2627 1387 3286 2419 
2628 1388 3287 2421 
2629 244 2521 1441 
2630 3066 3509 2277 
2631 2495 2496 2494 
2632 3378 3442 2322 
2633 2012 2763 2011 
2634 2466 2529 2467 
2635 467 3165 2453 
2636 2477 2479 2478 
2637 2343 3172 2251 
2638 2515 3469 2078 
2639 2004 2968 2540 
2640 2430 2431 7 
2641 2150 3497 2671 
2642 1705 2734 2517 
2643 2609 2628 2572 
2644 199 2669 1468 
2645 2600 3448 3116 
2646 2441 3235 1982 
2647 1678 2807 2732 
2648 1676 2808 2735 
2649 2952 3237 2766 
2650 2427 3444 1369 
2651 2653 2654 2652 
2652 2065 2508 2067 
2653 1960 2503 1958 
2654 2207 2498 2209 
2655 2629 2891 2630 
2656 3165 3213 2376 
2657 2570 2607 2557 
2658 2661 3491 2148 
2659 2587 2610 2585 
2660 2482 3025 1384 
2661 1525 3039 1574 
2662 2546 2629 2543 
2663 3071 3447 2484 
2664 1644 3047 2876 
2665 2351 3340 2908 
2666 2353 3341 2912 
2667 2732 2807 2326 
2668 2735 2808 2327 
2669 2355 2813 2483 
2670 126 2656 125 
2671 2514 3489 2370 
2672 2540 2968 2762 
2673 81 2631 80 
2674 156 2740 1666 
2675 159 2737 1554 
2676 169 2746 1386 
2677 2413 3175 3024 
2678 2417 3176 3023 
2679 2527 3148 3094 
2680 1820 2796 1984 
2681 61 2742 1556 
2682 110 2744 1555 
2683 2651 2653 2652 
2684 2519 2896 1996 
2685 2641 2642 1390 
2686 2173 2539 2538 
2687 2660 2661 1507 
2688 1486 2653 2651 
2689 2073 2518 2074 
2690 2778 3079 2627 
2691 1600 2648 2647 
2692 3335 3378 2342 
2693 219 2682 218 
2694 3489 3526 2370 
2695 2578 2625 2606 
2696 1975 2677 2440 
2697 2679 2680 1613 
2698 2704 2711 2710 
2699 2759 3384 2612 
2700 2584 2611 2597 
2701 1503 2791 96 
2702 3072 3383 1584 
2703 1446 2835 1524 
2704 1402 3302 2857 
2705 2543 2629 2542 
2706 2171 3180 2528 
2707 3098 3159 2525 
2708 2053 2526 2381 
2709 2551 2686 2549 
2710 2561 2616 2563 
2711 2626 2925 1703 
2712 2572 2628 2553 
2713 2258 3379 3342 
2714 1930 2684 1860 
2715 2715 2716 2714 
2716 2608 2609 2572 
2717 1976 2677 1975 
2718 2296 2702 2201 
2719 2673 2934 1466 
2720 2504 2505 2000 
2721 1947 2695 2339 
2722 2542 2629 1591 
2723 2787 3049 1365 
2724 127 2657 126 
2725 2123 2429 2364 
2726 2617 2618 2575 
2727 2372 3486 1487 
2728 2265 3424 3298 
2729 80 2632 79 
2730 2472 3488 2059 
2731 2873 3322 2324 
2732 2798 3254 2841 
2733 2336 3361 2872 
2734 2828 3318 2008 
2735 2642 3223 3115 
2736 2452 3193 3169 
2737 198 2666 197 
2738 2517 2733 1705 
2739 2446 2796 2448 
2740 1366 2757 2756 
2741 2201 2702 2202 
2742 2713 2715 2714 
2743 1376 2733 1378 
2744 180 2635 1592 
2745 82 2542 1591 
2746 1605 2645 45 
2747 1487 2634 173 
2748 1600 2647 143 
2749 1416 2637 229 
2750 1715 2638 150 
2751 46 2639 1605 
2752 1602 2646 227 
2753 193 2541 1593 
2754 162 2643 1515 
2755 144 2640 1600 
2756 154 2641 1390 
2757 1593 2644 192 
2758 2683 2684 1933 
2759 2483 2813 1594 
2760 1488 2649 75 
2761 1486 2651 124 
2762 64 2658 1516 
2763 113 2659 1517 
2764 48 2660 1507 
2765 1385 2662 104 
2766 195 2663 1504 
2767 1372 2824 1374 
2768 224 2670 1612 
2769 1369 2690 2689 
2770 2632 3073 2633 
2771 99 2674 1608 
2772 50 2675 1609 
2773 1419 2715 2713 
2774 101 2672 1465 
2775 52 2673 1466 
2776 1967 2119 1964 
2777 1933 2684 1930 
2778 2259 3342 3300 
2779 3040 3047 1644 
2780 222 2678 1469 
2781 2497 2835 1446 
2782 2882 2981 2576 
2783 1877 3325 2880 
2784 1876 3324 2879 
2785 2050 2486 2485 
2786 2213 2231 2215 
2787 2071 2123 2073 
2788 1504 3162 2541 
2789 220 2679 1613 
2790 2425 3173 2979 
2791 1464 2825 2824 
2792 2613 2616 2561 
2793 1417 2711 2703 
2794 1768 3346 2909 
2795 1769 3345 2913 
2796 1381 2754 203 
2797 2087 3385 3275 
2798 2703 2711 2704 
2799 2499 2500 2231 
2800 2043 2685 2046 
2801 2440 2522 2141 
2802 2123 2364 2073 
2803 2573 2614 2613 
2804 2712 3541 2165 
2805 3083 3089 1854 
2806 2547 2549 2548 
2807 2593 2612 2611 
2808 2147 2434 2159 
2809 1878 3329 2881 
2810 1366 2756 206 
2811 2375 2453 2376 
2812 2450 2451 2196 
2813 2411 2412 1907 
2814 2415 2416 1914 
2815 2596 2599 2598 
2816 2423 2424 1900 
2817 2443 2533 2532 
2818 2445 2531 2530 
2819 2439 2535 2534 
2820 2217 3540 2501 
2821 2873 3332 1622 
2822 2178 2724 2325 
2823 1369 2689 214 
2824 19 2780 1459 
2825 2584 2597 2582 
2826 2593 2611 2584 
2827 2745 2747 2746 
2828 1397 2543 2542 
2829 1554 2739 2738 
2830 207 2692 1366 
2831 2651 2652 1716 
2832 2649 2650 1717 
2833 2329 3239 2871 
2834 2331 3240 2845 
2835 2077 2088 2079 
2836 1489 2750 2749 
2837 1509 2671 2670 
2838 2079 2516 2081 
2839 1610 2664 2663 
2840 1466 2676 2675 
2841 2192 2450 2196 
2842 2339 2378 1946 
2843 1903 2411 1907 
2844 1910 2415 1914 
2845 2596 2598 2590 
2846 2322 3442 2320 
2847 2053 2381 2338 
2848 1896 2423 1900 
2849 2051 2526 2053 
2850 1419 2713 141 
2851 1417 2703 190 
2852 2219 2233 2222 
2853 1975 2141 1971 
2854 2199 2295 2201 
2855 2554 2573 2559 
2856 15 2688 1457 
2857 201 2753 1611 
2858 2558 2981 2882 
2859 2620 2623 2622 
2860 1506 2490 2489 
2861 2185 2765 2188 
2862 2498 2499 2231 
2863 2623 3351 1443 
2864 2184 2766 2765 
2865 1939 2683 1936 
2866 2224 2375 2235 
2867 2559 2613 2561 
2868 1539 2762 1538 
2869 2081 2147 2083 
2870 3035 3064 2007 
2871 1981 2011 1979 
2872 2563 2575 2565 
2873 2295 2296 2201 
2874 2205 2228 2207 
2875 1956 2697 1953 
2876 2545 2547 2546 
2877 2442 2443 2018 
2878 2444 2445 2023 
2879 1486 2655 2653 
2880 2438 2439 2028 
2881 2451 3071 2484 
2882 204 2755 1381 
2883 1936 2683 1933 
2884 1734 2718 1858 
2885 1471 2896 1401 
2886 2914 3293 1769 
2887 2910 3292 1768 
2888 2567 2621 2568 
2889 1958 2000 1956 
2890 1979 2677 1976 
2891 1635 2717 1700 
2892 2063 2091 2065 
2893 2023 2530 2021 
2894 2018 2532 2016 
2895 1705 2733 1376 
2896 2028 2534 2026 
2897 23 2719 1461 
2898 1984 2796 2446 
2899 2088 2516 2079 
2900 2557 2572 2553 
2901 2549 2554 2548 
2902 2553 2628 2551 
2903 2034 2796 1820 
2904 2235 2895 2225 
2905 1975 2440 2141 
2906 1464 2824 1372 
2907 2074 2518 2077 
2908 2756 2758 2755 
2909 182 2725 1395 
2910 1803 3050 2540 
2911 2547 2548 2546 
2912 2434 2435 2159 
2913 2573 2613 2559 
2914 2165 2904 2712 
2915 1457 2688 1511 
2916 1952 2695 1949 
2917 1949 2695 1947 
2918 2016 3055 2014 
2919 2021 3056 2019 
2920 1700 2717 1874 
2921 2680 2681 1613 
2922 2310 3478 2664 
2923 1549 2883 1641 
2924 1874 2717 2182 
2925 2178 2761 2724 
2926 2583 2584 2582 
2927 2375 2376 2235 
2928 2147 2159 2083 
2929 2184 2765 2185 
2930 1580 2887 1529 
2931 1579 2888 1527 
2932 1858 2718 2041 
2933 2585 2593 2584 
2934 1952 2696 2695 
2935 2333 3241 2850 
2936 2723 2983 2893 
2937 2763 3198 1625 
2938 2623 2624 2622 
2939 2176 2722 1753 
2940 1947 2339 1946 
2941 2192 2196 2193 
2942 2747 2748 2746 
2943 1945 1946 1944 
2944 2182 2184 2183 
2945 1703 2925 85 
2946 1981 2012 2011 
2947 2199 2201 2200 
2948 2184 2950 2766 
2949 2147 2436 2434 
2950 2591 2596 2590 
2951 2053 2338 2054 
2952 2717 2950 2182 
2953 1903 1907 1904 
2954 1910 1914 1911 
2955 2051 2053 2052 
2956 1896 1900 1897 
2957 1610 2665 2664 
2958 1711 3156 2976 
2959 2445 2530 2023 
2960 2443 2532 2018 
2961 2439 2534 2028 
2962 1401 2896 2519 
2963 2041 2718 2685 
2964 2011 2677 1979 
2965 2629 2630 1591 
2966 1461 2719 1492 
2967 2545 2546 2543 
2968 1459 2780 1513 
2969 2067 2508 2071 
2970 2026 3058 2024 
2971 2174 2731 1628 
2972 1614 2693 2692 
2973 2544 2545 2543 
2974 2689 2691 1615 
2975 1965 1967 1964 
2976 211 2720 1363 
2977 1363 2721 210 
2978 2713 2714 1599 
2979 1378 2733 1695 
2980 1964 2503 1960 
2981 1419 3043 2715 
2982 2077 2518 2088 
2983 2209 2498 2213 
2984 2094 2786 2785 
2985 2368 2915 1679 
2986 2525 3159 2524 
2987 2581 2582 2570 
2988 2575 2619 2565 
2989 1938 1939 1936 
2990 2757 2758 2756 
2991 1559 1759 1561 
2992 2704 2710 2706 
2993 2738 2740 157 
2994 2189 2192 2191 
2995 2736 2737 160 
2996 2745 2746 170 
2997 2213 2215 2214 
2998 2741 2742 62 
2999 2743 2744 111 
3000 172 2634 1714 
3001 191 2644 1417 
3002 226 2646 1509 
3003 228 2637 1602 
3004 1397 2542 83 
3005 1395 2635 181 
3006 1507 2639 47 
3007 142 2647 1419 
3008 149 2638 1489 
3009 1508 2640 145 
3010 44 2645 1418 
3011 1554 2738 158 
3012 1504 2541 194 
3013 1596 2643 163 
3014 1666 2641 155 
3015 1515 2736 161 
3016 1714 2745 171 
3017 1942 1944 1940 
3018 1516 2741 63 
3019 1517 2743 112 
3020 2505 3167 2696 
3021 123 2651 1716 
3022 74 2649 1717 
3023 2205 2702 2228 
3024 2185 2188 2187 
3025 1489 2749 148 
3026 1606 2658 65 
3027 1607 2659 114 
3028 1509 2670 225 
3029 103 2662 1595 
3030 1609 2660 49 
3031 2202 2702 2205 
3032 1610 2663 196 
3033 2590 2610 2587 
3034 2071 2073 2072 
3035 2549 2686 2554 
3036 1874 2182 2180 
3037 1601 2673 53 
3038 1595 2672 102 
3039 2041 2685 2043 
3040 2703 2704 1603 
3041 1465 2674 100 
3042 1466 2675 51 
3043 2589 2590 2587 
3044 1946 2524 1944 
3045 2047 2051 2049 
3046 1612 2678 223 
3047 1792 1903 1902 
3048 1794 1910 1909 
3049 2043 2046 2045 
3050 2195 2199 2198 
3051 1951 1952 1949 
3052 2056 2059 2058 
3053 1884 1896 1895 
3054 1469 2679 221 
3055 1968 1969 1967 
3056 2582 2607 2570 
3057 2573 2686 2615 
3058 2481 3208 3160 
3059 1524 2835 1559 
3060 1542 2762 1539 
3061 1467 2975 1399 
3062 2215 2217 2216 
3063 202 2754 2753 
3064 2554 2686 2573 
3065 1759 1814 1813 
3066 2690 2691 2689 
3067 2239 2954 2930 
3068 2680 3243 1995 
3069 2402 2997 2995 
3070 2296 3097 2502 
3071 205 2756 2755 
3072 2238 2953 2928 
3073 2648 3043 2647 
3074 2193 2694 2195 
3075 1374 2824 1705 
3076 1753 2722 1751 
3077 1754 2761 1756 
3078 157 2740 156 
3079 160 2737 159 
3080 170 2746 169 
3081 62 2742 61 
3082 111 2744 110 
3083 105 1385 104 
3084 76 1488 75 
3085 84 1397 83 
3086 97 1503 96 
3087 125 1486 124 
3088 174 1487 173 
3089 195 1504 194 
3090 79 1505 78 
3091 82 1591 81 
3092 133 1396 132 
3093 177 1506 176 
3094 180 1592 179 
3095 182 1395 181 
3096 191 1417 190 
3097 128 1510 127 
3098 131 1594 130 
3099 164 1596 163 
3100 166 1463 165 
3101 226 1509 225 
3102 46 1605 45 
3103 44 1418 43 
3104 120 1387 119 
3105 149 1489 148 
3106 144 1600 143 
3107 156 1666 155 
3108 228 1602 227 
3109 230 1416 229 
3110 48 1507 47 
3111 64 1516 63 
3112 113 1517 112 
3113 142 1419 141 
3114 56 1389 55 
3115 162 1515 161 
3116 146 1508 145 
3117 159 1554 158 
3118 154 1390 153 
3119 151 1715 150 
3120 95 1598 94 
3121 71 1388 70 
3122 92 1398 91 
3123 169 1386 168 
3124 172 1714 171 
3125 193 1593 192 
3126 61 1556 60 
3127 110 1555 109 
3128 1492 2719 2101 
3129 125 2656 1486 
3130 1591 2631 81 
3131 123 1716 122 
3132 74 1717 73 
3133 2895 2916 2321 
3134 66 1606 65 
3135 115 1607 114 
3136 1589 1689 1590 
3137 99 1608 98 
3138 103 1595 102 
3139 54 1601 53 
3140 50 1609 49 
3141 197 1610 196 
3142 1904 2699 1906 
3143 1911 2698 1913 
3144 213 2689 1615 
3145 224 1612 223 
3146 2071 2508 2123 
3147 1513 1863 1581 
3148 1562 2726 2362 
3149 68 1482 67 
3150 117 1483 116 
3151 1614 2692 208 
3152 2394 3014 2993 
3153 1897 2700 1899 
3154 52 1466 51 
3155 101 1465 100 
3156 1613 2682 219 
3157 199 1468 198 
3158 2704 2706 2705 
3159 1829 2785 1721 
3160 1589 1590 1545 
3161 201 1611 200 
3162 222 1469 221 
3163 1545 2920 1467 
3164 1511 2688 2100 
3165 1511 2100 1582 
3166 1759 1813 1561 
3167 220 1613 219 
3168 2140 2781 1814 
3169 1751 2722 1996 
3170 2106 2788 2752 
3171 2236 2947 2921 
3172 2237 2946 2922 
3173 218 1394 217 
3174 204 1381 203 
3175 2213 2498 2231 
3176 1397 2544 2543 
3177 1963 1964 1960 
3178 2119 2503 1964 
3179 2573 2615 2614 
3180 202 2753 201 
3181 2094 2785 1829 
3182 2957 2960 1707 
3183 1632 2790 1543 
3184 215 1369 214 
3185 2164 3423 3123 
3186 2762 2968 1538 
3187 1863 2780 2345 
3188 2209 2213 2212 
3189 1492 2101 1548 
3190 207 1366 206 
3191 1689 2889 1690 
3192 1814 1917 1813 
3193 1751 1996 1693 
3194 1586 1589 1545 
3195 2217 2219 2218 
3196 2146 3064 3035 
3197 1970 1971 1969 
3198 2034 2917 2796 
3199 2067 2071 2070 
3200 2793 2960 2957 
3201 2777 2778 2163 
3202 2479 2480 2478 
3203 2620 2622 2621 
3204 1796 2783 2007 
3205 1831 2761 1754 
3206 1678 2732 2368 
3207 2722 2723 1996 
3208 1996 2896 1693 
3209 189 2703 1603 
3210 140 2713 1599 
3211 1997 2240 2032 
3212 1423 3447 3071 
3213 1695 1997 1789 
3214 1676 2735 2369 
3215 2454 2917 2034 
3216 2550 2551 2549 
3217 205 2755 204 
3218 2268 2764 1699 
3219 1689 1690 1590 
3220 187 2904 2165 
3221 1450 3384 2759 
3222 2451 2484 2196 
3223 1615 2720 212 
3224 1696 1803 1680 
3225 1875 2171 1803 
3226 209 2721 1614 
3227 1759 2140 1814 
3228 1814 1918 1917 
3229 1589 2731 2377 
3230 1630 2174 1628 
3231 2077 2079 2078 
3232 2412 2414 1907 
3233 2416 2418 1914 
3234 1484 2840 27 
3235 2234 3120 2276 
3236 2424 2426 1900 
3237 1544 3453 2766 
3238 1759 2835 2140 
3239 1522 1545 1467 
3240 2494 3299 1597 
3241 1694 1751 1693 
3242 1972 1975 1971 
3243 2219 2222 2220 
3244 1997 2032 1789 
3245 2554 2559 2555 
3246 2706 2708 2707 
3247 2184 2185 2183 
3248 2102 2105 2104 
3249 2734 3083 2517 
3250 213 1615 212 
3251 2270 2761 1831 
3252 1817 2767 1763 
3253 2222 2224 2223 
3254 2079 2081 2080 
3255 209 1614 208 
3256 1675 1680 1542 
3257 2348 2774 2773 
3258 1710 2790 1632 
3259 1690 1722 1721 
3260 2378 2524 1946 
3261 2170 2810 2775 
3262 1875 2366 2171 
3263 2630 3073 2631 
3264 1756 2761 2178 
3265 2581 2583 2582 
3266 2620 2621 2567 
3267 1397 2925 2544 
3268 2930 2954 1480 
3269 1782 2768 1761 
3270 1513 2780 1863 
3271 1696 1875 1803 
3272 2583 2585 2584 
3273 1752 1753 1751 
3274 2598 2610 2590 
3275 1534 1693 1532 
3276 2081 2083 2082 
3277 1945 1947 1946 
3278 1722 1829 1721 
3279 2348 2773 1993 
3280 2559 2561 2560 
3281 2101 2102 1548 
3282 2224 2235 2225 
3283 1938 1940 1939 
3284 1863 2344 2306 
3285 2182 2183 2180 
3286 1468 2669 2668 
3287 1422 1467 1399 
3288 143 2647 142 
3289 45 2645 44 
3290 173 2634 172 
3291 194 2541 193 
3292 47 2639 46 
3293 83 2542 82 
3294 145 2640 144 
3295 181 2635 180 
3296 227 2646 226 
3297 229 2637 228 
3298 150 2638 149 
3299 155 2641 154 
3300 158 2738 157 
3301 163 2643 162 
3302 192 2644 191 
3303 161 2736 160 
3304 124 2651 123 
3305 75 2649 74 
3306 171 2745 170 
3307 65 2658 64 
3308 114 2659 113 
3309 49 2660 48 
3310 104 2662 103 
3311 63 2741 62 
3312 112 2743 111 
3313 1863 2345 2344 
3314 196 2663 195 
3315 1667 2789 2157 
3316 2788 2809 2752 
3317 2928 2953 1406 
3318 2053 2054 2052 
3319 1675 1696 1680 
3320 1705 2824 2734 
3321 148 2749 147 
3322 225 2670 224 
3323 100 2674 99 
3324 51 2675 50 
3325 2192 2193 2191 
3326 1997 2517 2240 
3327 2188 2189 2187 
3328 102 2672 101 
3329 53 2673 52 
3330 2722 2990 2723 
3331 1934 3449 2890 
3332 1942 1945 1944 
3333 223 2678 222 
3334 2321 2341 2322 
3335 1702 2725 183 
3336 2101 2816 2102 
3337 2380 3211 2379 
3338 1772 2771 1739 
3339 1777 2772 1744 
3340 221 2679 220 
3341 2546 2891 2629 
3342 2097 2894 2267 
3343 2100 2428 2307 
3344 2199 2200 2198 
3345 197 2666 1610 
3346 1538 2769 1535 
3347 2345 2346 2344 
3348 2461 2839 2145 
3349 2589 2591 2590 
3350 2561 2563 2562 
3351 1722 1830 1829 
3352 1817 2792 2767 
3353 203 2754 202 
3354 2547 2550 2549 
3355 2598 2759 2610 
3356 2958 2959 1650 
3357 2051 2052 2049 
3358 2060 2063 2062 
3359 1479 2779 1578 
3360 1903 1904 1902 
3361 1910 1911 1909 
3362 1863 2306 1581 
3363 2597 2607 2582 
3364 2046 2047 2045 
3365 1980 1981 1979 
3366 141 2713 140 
3367 190 2703 189 
3368 2271 2379 2270 
3369 1589 2377 1689 
3370 1803 2540 1680 
3371 206 2756 205 
3372 1782 2794 2768 
3373 2074 2077 2076 
3374 2921 2947 1405 
3375 2922 2946 1407 
3376 2269 2270 1831 
3377 1896 1897 1895 
3378 2666 2667 2665 
3379 1993 2773 1830 
3380 1694 1752 1751 
3381 2563 2565 2564 
3382 214 2689 213 
3383 2539 3021 1375 
3384 2100 2307 1582 
3385 208 2692 207 
3386 1553 2840 1484 
3387 1796 2007 1710 
3388 1534 1694 1693 
3389 2565 2567 2566 
3390 1690 1721 1720 
3391 183 2725 182 
3392 2177 2482 2176 
3393 2279 2438 2028 
3394 2022 2023 2021 
3395 2017 2018 2016 
3396 2020 2021 2019 
3397 2015 2016 2014 
3398 2027 2028 2026 
3399 2284 2444 2023 
3400 2282 2442 2018 
3401 1756 2176 1753 
3402 1578 2460 1585 
3403 211 1363 210 
3404 1918 1919 1917 
3405 2578 2606 2579 
3406 2025 2026 2024 
3407 1754 1756 1753 
3408 1559 1561 1560 
3409 2088 2918 2516 
3410 1772 2803 2771 
3411 1777 2801 2772 
3412 1756 2177 2176 
3413 1830 2093 1829 
3414 2704 2705 1603 
3415 1564 2883 1549 
3416 2724 2761 2270 
3417 2775 2810 1925 
3418 2105 2106 2104 
3419 1571 2807 1678 
3420 1586 2731 1589 
3421 2225 2895 2227 
3422 1573 2808 1676 
3423 1994 2471 2173 
3424 1522 1586 1545 
3425 2269 2271 2270 
3426 138 2777 2163 
3427 1830 2773 2093 
3428 2342 3378 2322 
3429 2948 2955 1648 
3430 2949 2956 1649 
3431 189 1603 188 
3432 42 1604 41 
3433 140 1599 139 
3434 232 1597 231 
3435 1527 2888 1568 
3436 1529 2887 1566 
3437 2512 2815 1848 
3438 2510 2814 1846 
3439 2912 2914 2913 
3440 2908 2910 2909 
3441 2271 2380 2379 
3442 2552 2553 2551 
3443 1862 1993 1830 
3444 2317 2347 1993 
3445 2367 2371 2366 
3446 1604 3312 2466 
3447 1752 1754 1753 
3448 2007 2790 1710 
3449 2785 2786 2471 
3450 2995 2997 1961 
3451 2510 2817 2814 
3452 2512 2819 2815 
3453 2243 2244 1851 
3454 2158 3205 2693 
3455 2993 3014 2068 
3456 1767 2241 2136 
3457 1695 1789 1788 
3458 2105 2107 2106 
3459 1406 2953 2795 
3460 1763 2767 1750 
3461 1978 1979 1976 
3462 2178 2281 2177 
3463 1920 2784 1919 
3464 2511 2512 1848 
3465 2509 2510 1846 
3466 1678 2368 1679 
3467 1637 1801 1553 
3468 1676 2369 1677 
3469 2891 3006 2630 
3470 2003 2794 1784 
3471 1513 1581 1514 
3472 1511 1582 1512 
3473 2227 2321 2320 
3474 2464 2465 2396 
3475 2093 2449 2094 
3476 1918 1920 1919 
3477 1599 2777 139 
3478 2404 2493 2492 
3479 1761 2768 1747 
3480 1798 2912 2911 
3481 1799 2908 2907 
3482 2507 3104 1424 
3483 1963 1965 1964 
3484 1784 2794 1782 
3485 212 2720 211 
3486 210 2721 209 
3487 1721 2785 1994 
3488 1862 2317 1993 
3489 1532 2896 1471 
3490 2005 2792 1819 
3491 1994 2785 2471 
3492 1918 1921 1920 
3493 2002 2801 1779 
3494 2001 2803 1774 
3495 2178 2325 2281 
3496 1480 2954 2793 
3497 2824 2825 2734 
3498 1479 1578 1547 
3499 1739 2771 1737 
3500 1744 2772 1742 
3501 1722 1862 1830 
3502 2379 2724 2270 
3503 1819 2792 1817 
3504 1422 1522 1467 
3505 1492 1548 1493 
3506 1385 2965 2662 
3507 1921 2781 2391 
3508 2107 2788 2106 
3509 2133 2798 2797 
3510 1779 2801 1777 
3511 1774 2803 1772 
3512 2705 2904 1603 
3513 2305 2811 2132 
3514 1965 1968 1967 
3515 1407 2946 2802 
3516 1405 2947 2804 
3517 1951 1953 1952 
3518 2544 2925 2626 
3519 2059 2060 2058 
3520 1756 2178 2177 
3521 1921 1922 1920 
3522 1679 2915 1866 
3523 1955 1956 1953 
3524 2568 2578 2577 
3525 2106 2752 2751 
3526 2526 3148 2527 
3527 1690 1720 1590 
3528 1786 2014 1655 
3529 1785 2019 1656 
3530 2133 2797 2113 
3531 1953 2697 1952 
3532 2145 2821 2109 
3533 2108 2145 2109 
3534 2128 2806 2805 
3535 2820 2837 2036 
3536 2818 2838 2035 
3537 1667 2157 1797 
3538 2003 2795 2794 
3539 1921 1925 1922 
3540 1870 2024 1728 
3541 2108 2109 2107 
3542 1922 1924 1923 
3543 2347 2348 1993 
3544 1524 1559 1558 
3545 2544 2576 2545 
3546 1669 1790 1564 
3547 2109 2110 2107 
3548 1921 2391 1925 
3549 2005 2793 2792 
3550 2105 2108 2107 
3551 1889 2268 1699 
3552 2109 2111 2110 
3553 1816 1817 1763 
3554 1866 2349 2287 
3555 2456 2837 2820 
3556 2455 2838 2818 
3557 2706 2707 2705 
3558 1815 1816 1763 
3559 1836 2800 2294 
3560 1674 1675 1542 
3561 2002 2802 2801 
3562 2001 2804 2803 
3563 2261 2809 2788 
3564 2680 2890 2681 
3565 2391 2392 1925 
3566 2213 2214 2212 
3567 2128 2805 1927 
3568 1721 1994 1720 
3569 1747 2238 1745 
3570 1924 1926 1923 
3571 2215 2216 2214 
3572 1571 1678 1670 
3573 1573 1676 1671 
3574 2202 2205 2204 
3575 2097 2267 2099 
3576 1780 1781 1761 
3577 1750 2239 1748 
3578 1781 1782 1761 
3579 2400 2461 2145 
3580 1992 2783 1796 
3581 1568 1798 1672 
3582 1566 1799 1673 
3583 2111 2112 2110 
3584 1999 2269 1831 
3585 2073 2074 2072 
3586 1742 2237 1740 
3587 1737 2236 1735 
3588 1922 1923 1920 
3589 1925 2810 1922 
3590 1549 1641 1455 
3591 1562 2362 1713 
3592 1775 1776 1744 
3593 1770 1771 1739 
3594 2392 2776 2775 
3595 2102 2104 2103 
3596 1750 2767 2239 
3597 1771 1772 1739 
3598 1776 1777 1744 
3599 2556 2557 2553 
3600 2817 2818 2035 
3601 2819 2820 2036 
3602 1781 1783 1782 
3603 2071 2072 2070 
3604 1836 2294 1801 
3605 1747 2768 2238 
3606 1926 2336 2277 
3607 2112 2324 2261 
3608 95 2791 1598 
3609 2323 2812 2127 
3610 2093 2094 1829 
3611 1449 1579 1527 
3612 1453 1580 1529 
3613 2814 2817 2035 
3614 2815 2819 2036 
3615 1802 1836 1801 
3616 2712 2904 2705 
3617 1541 1542 1539 
3618 1737 2771 2236 
3619 1742 2772 2237 
3620 1776 1778 1777 
3621 1771 1773 1772 
3622 1459 1513 1497 
3623 1457 1511 1495 
3624 2795 2958 1406 
3625 2113 2797 2112 
3626 1537 1538 1535 
3627 1637 1802 1801 
3628 2112 2261 2110 
3629 2133 2799 2798 
3630 1378 1695 1380 
3631 2795 2959 2958 
3632 2014 2969 1655 
3633 2019 2970 1656 
3634 1783 1784 1782 
3635 2793 2957 1480 
3636 1816 1818 1817 
3637 2340 2980 1856 
3638 1926 2277 1923 
3639 1680 2762 1542 
3640 1636 1637 1553 
3641 2114 2132 2113 
3642 2392 2775 1925 
3643 2111 2113 2112 
3644 1762 1763 1750 
3645 2479 2782 2480 
3646 2205 2207 2206 
3647 1928 2126 1927 
3648 1924 1927 1926 
3649 1773 1774 1772 
3650 1778 1779 1777 
3651 1927 2805 1926 
3652 1886 2822 1840 
3653 1760 1761 1747 
3654 1790 2883 1564 
3655 1695 2733 1997 
3656 1628 2731 1586 
3657 2145 2839 2821 
3658 1781 2092 1783 
3659 1886 2823 2822 
3660 2092 2836 1783 
3661 2767 2954 2239 
3662 1755 1831 1754 
3663 2115 2827 1816 
3664 90 1701 89 
3665 135 1704 134 
3666 86 1703 85 
3667 184 1702 183 
3668 2132 2811 2133 
3669 2134 2305 2132 
3670 2126 2328 2128 
3671 1738 1739 1737 
3672 1743 1744 1742 
3673 1776 2035 1778 
3674 1771 2036 1773 
3675 1802 1837 1836 
3676 2036 2837 1773 
3677 2035 2838 1778 
3678 2112 2797 2324 
3679 1924 1928 1927 
3680 1837 1838 1836 
3681 1533 1534 1532 
3682 1926 2805 2336 
3683 1838 2800 1836 
3684 2127 2812 2126 
3685 1818 1819 1817 
3686 1838 2822 2800 
3687 2114 2134 2132 
3688 1919 2406 1917 
3689 1421 2779 1479 
3690 1928 2127 2126 
3691 2201 2202 2200 
3692 2143 2405 2134 
3693 2063 2065 2064 
3694 2104 2751 2135 
3695 1783 1825 1784 
3696 2132 2133 2113 
3697 2294 2840 1801 
3698 2126 2812 2328 
3699 1815 2115 1816 
3700 1918 2781 1921 
3701 2804 2948 1405 
3702 2802 2949 1407 
3703 2111 2114 2113 
3704 1840 2822 1838 
3705 1559 2835 1759 
3706 2143 2458 2405 
3707 1383 2929 1393 
3708 2768 2953 2238 
3709 2108 2400 2145 
3710 2033 2034 1820 
3711 1875 2367 2366 
3712 2272 2323 2127 
3713 2170 2272 2127 
3714 1374 1705 1376 
3715 2240 3154 3099 
3716 1778 1823 1779 
3717 1773 1821 1774 
3718 1520 1740 1411 
3719 1518 1735 1409 
3720 1686 1745 1410 
3721 1801 2840 1553 
3722 1767 2892 2241 
3723 2272 2536 2323 
3724 1776 2814 2035 
3725 1771 2815 2036 
3726 2126 2128 1927 
3727 1820 1984 1819 
3728 1825 1826 1784 
3729 139 2777 138 
3730 1685 1748 1412 
3731 1760 1780 1761 
3732 1818 1820 1819 
3733 1839 1840 1838 
3734 1984 2006 2005 
3735 2114 2821 2143 
3736 2117 2832 2831 
3737 1928 2810 2170 
3738 2033 2303 2034 
3739 1762 1815 1763 
3740 2117 2831 1887 
3741 1821 1822 1774 
3742 1823 1824 1779 
3743 1839 1841 1840 
3744 2804 2955 2948 
3745 2802 2956 2949 
3746 2114 2143 2134 
3747 96 2791 95 
3748 1837 1839 1838 
3749 1818 2033 1820 
3750 1886 2831 2823 
3751 1568 2888 1798 
3752 1566 2887 1799 
3753 1841 1842 1840 
3754 1738 1770 1739 
3755 1743 1775 1744 
3756 2257 2333 2256 
3757 2771 2947 2236 
3758 2772 2946 2237 
3759 2117 2834 2833 
3760 2303 2454 2034 
3761 1928 2170 2127 
3762 2446 2447 2006 
3763 1887 2831 1886 
3764 2143 2839 2458 
3765 1826 2826 2248 
3766 1825 2256 1826 
3767 2133 2811 2799 
3768 1957 1958 1956 
3769 1814 2781 1918 
3770 2255 2331 2254 
3771 2253 2329 2252 
3772 1984 2446 2006 
3773 2257 2334 2333 
3774 1841 2877 1842 
3775 1984 2005 1819 
3776 1822 2829 2246 
3777 1824 2830 2247 
3778 1842 1887 1886 
3779 1821 2252 1822 
3780 1823 2254 1824 
3781 2256 2826 1826 
3782 1826 2003 1784 
3783 2447 2770 2006 
3784 2255 2332 2331 
3785 2253 2330 2329 
3786 1826 2248 2003 
3787 2117 2833 2832 
3788 2102 2816 2105 
3789 1842 1886 1840 
3790 2252 2829 1822 
3791 2254 2830 1824 
3792 1824 2002 1779 
3793 1822 2001 1774 
3794 187 2165 186 
3795 234 2166 233 
3796 40 2164 39 
3797 138 2163 137 
3798 1822 2246 2001 
3799 1824 2247 2002 
3800 1888 2116 1887 
3801 1825 2257 2256 
3802 1888 2118 2116 
3803 2116 2834 2117 
3804 1821 2253 2252 
3805 1823 2255 2254 
3806 1842 1888 1887 
3807 2118 2293 2116 
3808 2149 2407 2118 
3809 2116 2117 1887 
3810 2149 2475 2407 
3811 2033 2827 2462 
3812 1789 2008 1788 
3813 2618 2619 2575 
3814 1888 2149 2118 
3815 2293 2834 2116 
3816 2033 2462 2303 
3817 2257 2457 2334 
3818 2257 2836 2457 
3819 1952 2697 2696 
3820 2253 2456 2330 
3821 2255 2455 2332 
3822 2255 2838 2455 
3823 2253 2837 2456 
3824 1531 1532 1471 
3825 1741 1742 1740 
3826 1736 1737 1735 
3827 1552 1553 1484 
3828 2227 2895 2321 
3829 1818 2827 2033 
3830 1968 1970 1969 
3831 1924 2810 1928 
3832 2328 2897 2128 
3833 387 2843 2168 
3834 394 2844 1988 
3835 1623 2843 386 
3836 1622 2841 288 
3837 1624 2842 407 
3838 289 1985 290 
3839 387 2168 388 
3840 408 1986 409 
3841 359 1987 360 
3842 394 1988 395 
3843 464 1474 465 
3844 289 2841 1985 
3845 408 2842 1986 
3846 392 2867 1481 
3847 1502 2845 358 
3848 365 2847 1646 
3849 414 2860 1647 
3850 1404 2873 286 
3851 1499 2860 413 
3852 267 2848 1477 
3853 1621 2869 336 
3854 358 2845 359 
3855 288 2841 289 
3856 386 2843 387 
3857 1500 2871 323 
3858 1501 2850 330 
3859 1481 2844 393 
3860 1402 2857 405 
3861 323 2871 324 
3862 330 2850 331 
3863 1403 2872 384 
3864 359 2845 1987 
3865 1619 2856 238 
3866 1706 2867 391 
3867 260 1650 261 
3868 316 1648 317 
3869 363 1498 364 
3870 412 1499 413 
3871 287 2873 1622 
3872 406 2857 1624 
3873 365 1646 366 
3874 414 1647 415 
3875 239 1476 240 
3876 337 1475 338 
3877 287 1622 288 
3878 286 2873 287 
3879 291 2167 292 
3880 324 2871 1989 
3881 331 2850 1990 
3882 384 2872 385 
3883 405 2857 406 
3884 407 2842 408 
3885 391 2867 392 
3886 1498 2847 364 
3887 1620 2848 266 
3888 293 1550 294 
3889 301 1408 302 
3890 258 1406 259 
3891 314 1405 315 
3892 349 1407 350 
3893 433 1480 434 
3894 461 1588 462 
3895 238 2856 239 
3896 322 1500 323 
3897 329 1501 330 
3898 336 2869 337 
3899 364 2847 365 
3900 413 2860 414 
3901 237 1619 238 
3902 265 1620 266 
3903 295 1645 296 
3904 335 1621 336 
3905 351 1649 352 
3906 357 1502 358 
3907 435 1707 436 
3908 267 1477 268 
3909 8 1410 256 
3910 16 1409 312 
3911 20 1411 347 
3912 31 1412 431 
3913 406 1624 407 
3914 385 1623 386 
3915 371 1472 372 
3916 393 2844 394 
3917 420 1473 421 
3918 392 1481 393 
3919 331 1990 332 
3920 324 1989 325 
3921 385 2872 1623 
3922 285 1404 286 
3923 383 1403 384 
3924 404 1402 405 
3925 390 1706 391 
3926 239 2856 1476 
3927 266 2848 267 
3928 337 2869 1475 
3929 369 1832 370 
3930 418 1833 419 
3931 1675 2764 1696 
3932 1707 2960 2770 
3933 296 2849 297 
3934 1645 2849 296 
3935 1823 2838 2255 
3936 1821 2837 2253 
3937 1825 2836 2257 
3938 2217 2218 2216 
3939 411 2868 412 
3940 412 2868 1499 
3941 352 2864 353 
3942 317 2863 318 
3943 1648 2863 317 
3944 1649 2864 352 
3945 484 1644 485 
3946 300 2878 301 
3947 301 2878 1408 
3948 236 2858 237 
3949 264 2851 265 
3950 237 2858 1619 
3951 265 2851 1620 
3952 261 2854 262 
3953 1650 2854 261 
3954 429 2169 430 
3955 334 2859 335 
3956 335 2859 1621 
3957 2149 2477 2475 
3958 299 1834 300 
3959 1775 2814 1776 
3960 1770 2815 1771 
3961 356 2880 357 
3962 322 2879 1500 
3963 321 2879 322 
3964 357 2880 1502 
3965 328 2881 329 
3966 329 2881 1501 
3967 1578 1585 1547 
3968 1834 2878 300 
3969 485 2876 486 
3970 439 1708 440 
3971 2024 2973 1728 
3972 1644 2876 485 
3973 320 1876 321 
3974 355 1877 356 
3975 2111 2821 2114 
3976 327 1878 328 
3977 1842 2877 1888 
3978 2821 2839 2143 
3979 1778 2838 1823 
3980 1773 2837 1821 
3981 2708 2709 2707 
3982 2459 3157 2405 
3983 1746 1747 1745 
3984 1783 2836 1825 
3985 482 1384 483 
3986 399 1462 400 
3987 1877 2880 356 
3988 1876 2879 321 
3989 1888 2877 2149 
3990 1682 2013 1617 
3991 1923 2784 1920 
3992 2149 2877 2477 
3993 1878 2881 328 
3994 2654 3356 3328 
3995 2108 2816 2400 
3996 1846 2814 1775 
3997 1848 2815 1770 
3998 398 2884 399 
3999 1837 1843 1839 
4000 1816 2827 1818 
4001 427 1551 428 
4002 1749 1750 1748 
4003 1922 2810 1924 
4004 2289 2509 1846 
4005 2291 2511 1848 
4006 397 1835 398 
4007 2106 2751 2104 
4008 2999 3379 2258 
4009 2869 2870 1475 
4010 2110 2788 2107 
4011 1635 3032 2717 
4012 1862 2389 2317 
4013 2523 3042 1451 
4014 399 2884 1462 
4015 2109 2821 2111 
4016 1699 2764 1675 
4017 1370 1464 1372 
4018 2105 2816 2108 
4019 1466 2934 2676 
4020 1889 2273 2268 
4021 2716 3204 2558 
4022 1835 2884 398 
4023 1461 1492 1491 
4024 1443 3375 2623 
4025 2540 2762 1680 
4026 2531 3151 2937 
4027 2533 3150 2938 
4028 2277 2784 1923 
4029 2554 2555 2548 
4030 2261 2788 2110 
4031 1690 2889 1722 
4032 1695 1788 1380 
4033 1741 1743 1742 
4034 1736 1738 1737 
4035 441 1391 442 
4036 1746 1760 1747 
4037 1367 1767 1758 
4038 383 2846 1403 
4039 382 2846 383 
4040 1997 2733 2517 
4041 1401 2519 1364 
4042 1749 1762 1750 
4043 1845 1846 1775 
4044 1847 1848 1770 
4045 422 1640 423 
4046 34 2497 1446 
4047 1674 1699 1675 
4048 312 2862 313 
4049 347 2852 348 
4050 1409 2862 312 
4051 1411 2852 347 
4052 1534 2769 1694 
4053 1875 2828 2367 
4054 1535 2769 1534 
4055 2165 3541 3124 
4056 1410 2861 256 
4057 256 2861 257 
4058 2207 2209 2208 
4059 431 2853 432 
4060 1412 2853 431 
4061 1408 2874 302 
4062 302 2874 303 
4063 2159 2687 2083 
4064 2237 2852 1740 
4065 2236 2862 1735 
4066 1999 2528 2269 
4067 2238 2861 1745 
4068 2104 2135 2103 
4069 30 1365 424 
4070 1486 2656 2655 
4071 1533 1535 1534 
4072 2569 2570 2557 
4073 285 2855 1404 
4074 284 2855 285 
4075 2239 2853 1748 
4076 1696 2828 1875 
4077 268 2866 269 
4078 1476 2865 240 
4079 240 2865 241 
4080 1477 2866 268 
4081 2681 2682 1613 
4082 1767 2136 1983 
4083 1393 2929 1421 
4084 1755 1999 1831 
4085 1802 2886 1837 
4086 1752 1755 1754 
4087 1637 1854 1802 
4088 2630 2631 1591 
4089 1735 2862 1409 
4090 1740 2852 1411 
4091 2802 2946 2801 
4092 2804 2947 2803 
4093 1383 1392 1382 
4094 402 1368 27 
4095 2764 2828 1696 
4096 2795 2953 2794 
4097 1866 2915 2349 
4098 188 2904 187 
4099 1745 2861 1410 
4100 1837 2886 1843 
4101 444 1367 32 
4102 36 1364 480 
4103 30 1370 1365 
4104 2128 2897 2806 
4105 1748 2853 1412 
4106 1537 1539 1538 
4107 1994 2173 2172 
4108 1631 2124 1639 
4109 1970 1972 1971 
4110 2219 2220 2218 
4111 2077 2078 2076 
4112 2243 2245 2244 
4113 2321 2916 2341 
4114 1541 1674 1542 
4115 2482 2990 2176 
4116 1603 2904 188 
4117 2438 3363 1899 
4118 24 1617 382 
4119 2769 2968 2932 
4120 1610 2666 2665 
4121 2793 2954 2792 
4122 2079 2080 2078 
4123 363 2927 1498 
4124 480 2893 481 
4125 2013 2846 1617 
4126 443 2892 444 
4127 425 1757 426 
4128 1552 1636 1553 
4129 2065 2067 2066 
4130 1520 1741 1740 
4131 1518 1736 1735 
4132 1587 1628 1586 
4133 1743 1845 1775 
4134 1738 1847 1770 
4135 314 2921 1405 
4136 349 2922 1407 
4137 2307 2327 1582 
4138 2404 2995 2493 
4139 2222 2223 2220 
4140 2244 2992 1851 
4141 2306 2326 1581 
4142 1972 1976 1975 
4143 1935 1936 1933 
4144 2102 2103 1548 
4145 1693 2896 1532 
4146 258 2928 1406 
4147 2083 2687 2084 
4148 2465 3014 2396 
4149 303 1687 304 
4150 2081 2082 2080 
4151 433 2930 1480 
4152 1686 1746 1745 
4153 1813 2726 1561 
4154 1393 1399 1392 
4155 2196 2694 2193 
4156 1638 1861 1692 
4157 84 2925 1397 
4158 2559 2560 2555 
4159 1685 1749 1748 
4160 1550 3317 2447 
4161 2796 2917 2448 
4162 2580 2581 2570 
4163 1959 1960 1958 
4164 2224 2225 2223 
4165 1722 2889 1862 
4166 373 1688 374 
4167 12 2160 284 
4168 1874 2180 2179 
4169 1907 2699 1904 
4170 1914 2698 1911 
4171 1368 1484 27 
4172 1900 2700 1897 
4173 2550 2552 2551 
4174 1862 2889 2389 
4175 2185 2187 2186 
4176 2770 2960 2006 
4177 316 2948 1648 
4178 351 2949 1649 
4179 1405 2948 315 
4180 1407 2949 350 
4181 241 2161 6 
4182 269 2162 10 
4183 1420 1422 1399 
4184 2874 2875 1687 
4185 1617 2846 382 
4186 2083 2084 2082 
4187 1937 1938 1936 
4188 1932 1933 1930 
4189 260 2958 1650 
4190 1406 2958 259 
4191 435 2957 1707 
4192 1480 2957 434 
4193 1854 2886 1802 
4194 2561 2562 2560 
4195 2341 2342 2322 
4196 1845 2289 1846 
4197 1847 2291 1848 
4198 2586 2587 2585 
4199 2932 2968 2004 
4200 2189 2191 2190 
4201 2547 2981 2550 
4202 2005 2960 2793 
4203 1379 1382 1377 
4204 1941 1942 1940 
4205 1485 1584 1583 
4206 2193 2195 2194 
4207 2524 3159 1944 
4208 1749 1916 1762 
4209 2576 2981 2545 
4210 1531 1533 1532 
4211 85 2925 84 
4212 1948 1949 1947 
4213 1746 1915 1760 
4214 2862 2921 313 
4215 2852 2922 348 
4216 2063 2064 2062 
4217 1980 1982 1981 
4218 1978 1980 1979 
4219 2321 2322 2320 
4220 2592 2600 2591 
4221 1421 2929 2779 
4222 1994 2172 1720 
4223 2563 2564 2562 
4224 2054 2056 2055 
4225 1700 1874 1873 
4226 1629 1630 1628 
4227 1367 2892 1767 
4228 1904 1906 1905 
4229 1911 1913 1912 
4230 2047 2049 2048 
4231 2565 2566 2564 
4232 2861 2928 257 
4233 1897 1899 1898 
4234 2247 2956 2002 
4235 2246 2955 2001 
4236 2236 2921 2862 
4237 2237 2922 2852 
4238 2627 2882 2576 
4239 1561 2726 1562 
4240 303 2874 1687 
4241 2853 2930 432 
4242 313 2921 314 
4243 348 2922 349 
4244 2182 2950 2184 
4245 2567 2568 2566 
4246 1373 1415 1371 
4247 1364 2893 480 
4248 444 2892 1367 
4249 1718 1792 1791 
4250 1719 1794 1793 
4251 2015 2017 2016 
4252 2020 2022 2021 
4253 2027 2279 2028 
4254 2017 2282 2018 
4255 2022 2284 2023 
4256 2041 2043 2042 
4257 2519 2893 1364 
4258 2025 2027 2026 
4259 1561 1562 1560 
4260 2248 2959 2003 
4261 2195 2198 2197 
4262 2588 2589 2587 
4263 2752 2951 2751 
4264 1590 2920 1545 
4265 1792 1902 1901 
4266 1794 1909 1908 
4267 2043 2045 2044 
4268 1950 1951 1949 
4269 2238 2928 2861 
4270 362 2927 363 
4271 2056 2058 2057 
4272 257 2928 258 
4273 1882 1884 1883 
4274 1786 2015 2014 
4275 1785 2020 2019 
4276 2160 2855 284 
4277 1650 2974 2854 
4278 1884 1895 1894 
4279 2239 2930 2853 
4280 2578 2579 2577 
4281 432 2930 433 
4282 1787 1889 1699 
4283 1974 2402 2401 
4284 1546 2923 1478 
4285 2349 2485 2287 
4286 2157 2312 1797 
4287 2908 2909 2907 
4288 2912 2913 2911 
4289 1870 2025 2024 
4290 2393 2394 2086 
4291 1559 1560 1558 
4292 269 2866 2162 
4293 241 2865 2161 
4294 1991 1992 1796 
4295 2205 2206 2204 
4296 2552 2556 2553 
4297 1678 1679 1670 
4298 1676 1677 1671 
4299 1795 1796 1710 
4300 1368 1485 1484 
4301 2209 2212 2211 
4302 1798 2911 1672 
4303 1799 2907 1673 
4304 1522 1587 1586 
4305 1648 2971 2863 
4306 1649 2972 2864 
4307 1485 1552 1484 
4308 1660 1718 1697 
4309 1664 1719 1698 
4310 2769 2932 1694 
4311 1736 2898 1738 
4312 1741 2899 1743 
4313 1955 1957 1956 
4314 1511 1512 1495 
4315 1513 1514 1497 
4316 2160 3425 2951 
4317 1668 2095 1546 
4318 1414 1518 1409 
4319 1413 1520 1411 
4320 1963 2900 1965 
4321 2173 2538 2172 
4322 2580 3377 2648 
4323 1858 2041 2040 
4324 3019 3434 2359 
4325 1755 2004 1999 
4326 1732 2340 1856 
4327 2095 2923 1546 
4328 1633 2992 1634 
4329 1709 1710 1632 
4330 1492 1493 1491 
4331 1694 2932 1752 
4332 1962 1963 1960 
4333 1752 2932 1755 
4334 2067 2070 2069 
4335 3005 3389 3181 
4336 2155 2156 1828 
4337 2152 2153 1827 
4338 2008 2926 1788 
4339 24 1618 1617 
4340 1370 1371 1365 
4341 1435 1686 1410 
4342 1434 1685 1412 
4343 2892 2964 2241 
4344 1472 3285 2458 
4345 1659 1684 1521 
4346 1663 1683 1519 
4347 1813 2885 2726 
4348 1370 1372 1371 
4349 2177 3040 2482 
4350 1638 3018 1861 
4351 2707 2712 2705 
4352 1853 1882 1880 
4353 2207 2208 2206 
4354 2038 2441 2250 
4355 1723 1768 1661 
4356 1724 1769 1665 
4357 2540 3050 2004 
4358 1391 2964 442 
4359 1881 2513 1879 
4360 2476 3164 2407 
4361 2249 2701 2037 
4362 1788 1844 1380 
4363 2801 2946 2772 
4364 2803 2947 2771 
4365 2098 2129 2096 
4366 2580 3330 2595 
4367 1479 1547 1546 
4368 2535 3155 2935 
4369 1767 1983 1758 
4370 1618 1682 1617 
4371 2383 2384 2120 
4372 1917 2885 1813 
4373 1379 1383 1382 
4374 1540 1541 1539 
4375 1986 3517 3129 
4376 2001 2955 2804 
4377 2002 2956 2802 
4378 1485 1583 1552 
4379 2402 2404 2403 
4380 1378 1380 1379 
4381 2404 2492 2491 
4382 1674 1787 1699 
4383 315 2948 316 
4384 350 2949 351 
4385 2229 2982 2468 
4386 1536 1537 1535 
4387 1372 1374 1373 
4388 482 2983 1384 
4389 2794 2953 2768 
4390 1374 1376 1375 
4391 1957 1959 1958 
4392 2792 2954 2767 
4393 1852 2142 1729 
4394 2395 2396 2394 
4395 2463 2464 2396 
4396 2626 2627 2576 
4397 1631 2924 2124 
4398 2003 2959 2795 
4399 1847 2292 2291 
4400 1845 2290 2289 
4401 1861 2933 1692 
4402 1857 2009 1733 
4403 1855 2010 1731 
4404 1738 2898 1847 
4405 1743 2899 1845 
4406 1376 1378 1377 
4407 434 2957 435 
4408 259 2958 260 
4409 2406 2885 1917 
4410 2774 3062 2773 
4411 2894 2978 2267 
4412 1856 2980 2038 
4413 2229 2468 2365 
4414 2097 2099 2098 
4415 2356 2357 1966 
4416 1668 2097 2096 
4417 1585 2894 1547 
4418 1943 2274 1864 
4419 1538 2968 2769 
4420 2790 2931 1543 
4421 443 2964 2892 
4422 1974 2997 2402 
4423 2006 2960 2005 
4424 2176 2990 2722 
4425 16 1414 1409 
4426 20 1413 1411 
4427 1548 2789 1493 
4428 1787 2146 1889 
4429 1633 1634 1630 
4430 1685 2902 1749 
4431 2065 2066 2064 
4432 1383 1393 1392 
4433 1931 2359 1934 
4434 1686 2903 1746 
4435 1800 1864 1681 
4436 2556 2569 2557 
4437 442 2964 443 
4438 2461 3280 1472 
4439 2920 2975 1467 
4440 2209 2211 2208 
4441 1518 2906 1736 
4442 1520 2905 1741 
4443 243 3061 2521 
4444 1668 2894 2097 
4445 1849 1851 1691 
4446 8 1435 1410 
4447 31 1434 1412 
4448 2074 2076 2075 
4449 1720 2920 1590 
4450 1755 2932 2004 
4451 2545 2981 2547 
4452 2099 2314 2263 
4453 2550 2981 2558 
4454 1668 2096 2095 
4455 1954 1955 1953 
4456 2060 2062 2061 
4457 2959 2974 1650 
4458 1533 1536 1535 
4459 1547 1668 1546 
4460 1421 1479 1478 
4461 2339 3386 2939 
4462 484 3025 1644 
4463 1587 1629 1628 
4464 1372 1373 1371 
4465 2067 2069 2066 
4466 1530 1531 1471 
4467 2857 3294 1624 
4468 1384 3025 483 
4469 1374 1375 1373 
4470 2272 3524 2536 
4471 1393 1420 1399 
4472 2893 2983 481 
4473 2955 2971 1648 
4474 2956 2972 1649 
4475 36 1400 1364 
4476 1537 1540 1539 
4477 1683 2906 1519 
4478 1684 2905 1521 
4479 275 1428 276 
4480 377 1433 378 
4481 471 1427 472 
4482 307 1432 308 
4483 342 1431 343 
4484 249 1425 250 
4485 468 1442 469 
4486 473 1423 474 
4487 252 1444 253 
4488 244 1441 245 
4489 277 1426 278 
4490 280 1450 281 
4491 447 1440 448 
4492 272 1443 273 
4493 452 1424 453 
4494 6 1448 242 
4495 283 1454 12 
4496 10 1452 270 
4497 247 1430 248 
4498 455 1451 456 
4499 15 1456 305 
4500 19 1458 340 
4501 34 1445 466 
4502 476 1447 477 
4503 23 1460 375 
4504 450 1429 451 
4505 310 1438 311 
4506 345 1437 346 
4507 380 1439 381 
4508 375 2935 376 
4509 2292 2352 2291 
4510 2290 2350 2289 
4511 250 2940 251 
4512 282 2941 283 
4513 281 2936 282 
4514 449 2939 450 
4515 457 1625 458 
4516 254 1626 255 
4517 305 2937 306 
4518 340 2938 341 
4519 445 1627 446 
4520 2185 2186 2183 
4521 1422 2919 1522 
4522 2394 2993 2086 
4523 1376 1377 1375 
4524 1959 1962 1960 
4525 1788 2926 1844 
4526 1400 1401 1364 
4527 2009 2903 1733 
4528 1893 2243 1851 
4529 255 2943 8 
4530 1691 2992 1633 
4531 1378 1379 1377 
4532 2010 2902 1731 
4533 458 2942 31 
4534 1420 2962 1422 
4535 1991 2144 1992 
4536 1582 2808 1512 
4537 1581 2807 1514 
4538 2097 2098 2096 
4539 1493 2789 1667 
4540 2548 2891 2546 
4541 2404 2491 2403 
4542 1749 2902 1916 
4543 1367 1436 32 
4544 2484 2694 2196 
4545 1795 1991 1796 
4546 2258 3342 2259 
4547 1746 2903 1915 
4548 2402 2403 2401 
4549 2246 2971 2955 
4550 2247 2972 2956 
4551 1470 1471 1401 
4552 69 3326 2728 
4553 118 3327 2730 
4554 2189 2190 2187 
4555 2583 2586 2585 
4556 1962 1974 1966 
4557 2426 2700 1900 
4558 2414 2699 1907 
4559 2418 2698 1914 
4560 1709 1795 1710 
4561 2395 2463 2396 
4562 1945 1948 1947 
4563 32 2944 445 
4564 1547 2894 1668 
4565 1541 2931 1674 
4566 2202 2204 2203 
4567 2193 2194 2191 
4568 1938 1941 1940 
4569 1962 1966 1963 
4570 2449 3057 2094 
4571 1479 1546 1478 
4572 1393 1421 1420 
4573 2393 2395 2394 
4574 2172 2920 1720 
4575 2054 2055 2052 
4576 2644 3120 1417 
4577 2569 2580 2570 
4578 479 2952 36 
4579 2589 2592 2591 
4580 2544 2626 2576 
4581 2357 2901 2900 
4582 2229 2230 2211 
4583 1618 1729 1682 
4584 1893 2427 2361 
4585 2442 3366 1906 
4586 2444 3365 1913 
4587 478 1657 479 
4588 2248 2974 2959 
4589 2093 3062 2449 
4590 1904 1905 1902 
4591 1911 1912 1909 
4592 2047 2048 2045 
4593 2645 3445 3337 
4594 1897 1898 1895 
4595 1874 2179 1873 
4596 2411 3216 2413 
4597 2415 3217 2417 
4598 2917 3244 1645 
4599 1367 1758 1436 
4600 1540 1543 1541 
4601 1585 2978 2894 
4602 2085 2086 2069 
4603 1795 2158 1991 
4604 1974 2401 2356 
4605 1847 2898 2292 
4606 1845 2899 2290 
4607 1932 1935 1933 
4608 1421 1478 1420 
4609 1692 1850 1849 
4610 2423 3214 2425 
4611 2355 2393 2086 
4612 1540 1631 1543 
4613 2099 2963 2314 
4614 2216 2221 2214 
4615 2212 2229 2211 
4616 2099 2263 2098 
4617 2267 2963 2099 
4618 481 2983 482 
4619 1452 3373 2624 
4620 2180 2335 2179 
4621 2074 2075 2072 
4622 1935 1937 1936 
4623 1966 2900 1963 
4624 1741 2905 2899 
4625 1736 2906 2898 
4626 34 1446 1445 
4627 1454 1455 12 
4628 23 1461 1460 
4629 1859 2358 1929 
4630 2357 2900 1966 
4631 1974 2356 1966 
4632 2580 2595 2581 
4633 1536 2924 1537 
4634 2070 2085 2069 
4635 1629 1633 1630 
4636 2617 3321 1428 
4637 2923 2962 1478 
4638 1531 2945 1533 
4639 10 1453 1452 
4640 6 1449 1448 
4641 1638 1692 1691 
4642 1434 1731 1685 
4643 1435 1733 1686 
4644 2090 2514 2370 
4645 15 1457 1456 
4646 19 1459 1458 
4647 1692 2933 1850 
4648 2103 2789 1548 
4649 1413 1521 1520 
4650 1414 1519 1518 
4651 1977 1978 1976 
4652 2229 2365 2230 
4653 1951 1954 1953 
4654 2060 2061 2058 
4655 24 2979 1618 
4656 1639 1711 1709 
4657 1844 2987 1380 
4658 1514 2807 1571 
4659 1631 1639 1632 
4660 1512 2808 1573 
4661 1731 2902 1685 
4662 2225 2227 2226 
4663 1733 2903 1686 
4664 1673 2907 1809 
4665 1672 2911 1812 
4666 2085 2355 2086 
4667 2327 2808 1582 
4668 1941 1998 1942 
4669 1522 2919 1587 
4670 2586 2588 2587 
4671 2090 2354 2075 
4672 2195 2197 2194 
4673 2326 2807 1581 
4674 2258 2259 1982 
4675 1718 1791 1697 
4676 1719 1793 1698 
4677 1692 1849 1691 
4678 2292 2353 2352 
4679 2290 2351 2350 
4680 1948 1950 1949 
4681 2384 3015 2120 
4682 2041 2042 2040 
4683 1792 1901 1791 
4684 1794 1908 1793 
4685 2592 2601 2600 
4686 1906 2138 1905 
4687 1913 2139 1912 
4688 1674 2931 1787 
4689 2043 2044 2042 
4690 2208 2210 2206 
4691 1943 2275 2274 
4692 1493 1667 1569 
4693 2198 2278 2197 
4694 3230 3517 1986 
4695 2049 2089 2048 
4696 2356 2410 2357 
4697 2056 2057 2055 
4698 1631 1632 1543 
4699 2908 3343 2351 
4700 2912 3344 2353 
4701 1899 2137 1898 
4702 2227 2320 2318 
4703 1639 1709 1632 
4704 2152 2727 2153 
4705 2155 2729 2156 
4706 1884 1894 1883 
4707 3005 3181 2221 
4708 1723 1827 1768 
4709 1724 1828 1769 
4710 1844 3048 2987 
4711 1679 1866 1865 
4712 1677 1868 1867 
4713 2568 2577 2571 
4714 1957 1961 1959 
4715 1882 1883 1880 
4716 1562 1713 1712 
4717 1543 2931 1541 
4718 1519 2906 1518 
4719 1521 2905 1520 
4720 1512 1573 1572 
4721 1514 1571 1570 
4722 1629 1638 1633 
4723 1578 3096 2460 
4724 1849 1893 1851 
4725 1422 2962 2919 
4726 1943 2397 2275 
4727 1866 2287 2286 
4728 2421 2422 1892 
4729 2419 2420 1891 
4730 2550 2558 2552 
4731 1494 1765 1456 
4732 1496 1766 1458 
4733 1800 1943 1864 
4734 1643 1656 1572 
4735 1642 1655 1570 
4736 1807 1808 1654 
4737 1810 1811 1653 
4738 1565 1576 1528 
4739 1567 1577 1526 
4740 2202 2203 2200 
4741 1490 1764 1460 
4742 2031 2298 2297 
4743 2030 2301 2300 
4744 2187 2991 2186 
4745 1725 1786 1655 
4746 1726 1785 1656 
4747 2300 2302 1871 
4748 2297 2299 1872 
4749 2604 2605 2571 
4750 1461 1491 1490 
4751 1525 1549 1455 
4752 1446 1524 1523 
4753 1573 1671 1643 
4754 1571 1670 1642 
4755 1725 2030 1871 
4756 1726 2031 1872 
4757 2266 2374 2373 
4758 1667 1797 1727 
4759 1893 2361 2243 
4760 2066 2068 2064 
4761 1727 1728 1569 
4762 1557 1575 1523 
4763 1525 1574 1563 
4764 1890 2409 2408 
4765 1652 1805 1804 
4766 1673 1809 1807 
4767 1672 1812 1810 
4768 1869 2175 2125 
4769 1885 2029 1712 
4770 1809 2399 1892 
4771 1812 2398 1891 
4772 1869 1870 1728 
4773 1524 1558 1557 
4774 1563 1564 1549 
4775 1652 1669 1564 
4776 1804 1806 1669 
4777 1890 2242 1806 
4778 2264 2266 2265 
4779 1566 1673 1654 
4780 1568 1672 1653 
4781 1713 2264 1885 
4782 1977 2337 2304 
4783 1457 1495 1494 
4784 1459 1497 1496 
4785 1400 1470 1401 
4786 2901 2998 2900 
4787 2318 2319 2226 
4788 1638 1691 1633 
4789 1618 1730 1729 
4790 2372 2488 2319 
4791 1527 1568 1567 
4792 1529 1566 1565 
4793 2038 2980 2441 
4794 2051 3148 2526 
4795 1365 3049 424 
4796 1453 1529 1528 
4797 1449 1527 1526 
4798 1530 1616 1531 
4799 1537 2924 1540 
4800 1383 2987 2929 
4801 1968 1973 1970 
4802 1493 1569 1491 
4803 1380 2987 1379 
4804 2204 2234 2203 
4805 2234 2276 2203 
4806 1470 1530 1471 
4807 1400 1544 1470 
4808 2555 2891 2548 
4809 1954 2131 1955 
4810 2062 2130 2061 
4811 1599 3079 2777 
4812 1370 3063 1464 
4813 2220 2232 2218 
4814 1530 1635 1616 
4815 2556 2594 2569 
4816 1972 1977 1976 
4817 427 3060 1551 
4818 425 3049 1757 
4819 1758 1859 1436 
4820 147 3068 146 
4821 1950 3007 1951 
4822 2058 3008 2057 
4823 1859 1860 1436 
4824 1434 1732 1731 
4825 1435 1734 1733 
4826 429 3065 2169 
4827 2082 2087 2080 
4828 2883 3163 1641 
4829 1954 2308 2131 
4830 2130 2309 2061 
4831 1478 2962 1420 
4832 2076 2090 2075 
4833 1833 3183 2476 
4834 2450 3193 2452 
4835 2783 3035 2007 
4836 1983 2961 1758 
4837 1414 1662 1519 
4838 1413 1658 1521 
4839 1635 1700 1681 
4840 1379 2987 1383 
4841 2538 2975 2172 
4842 2225 2226 2223 
4843 1551 3065 428 
4844 2179 2181 1873 
4845 1980 2258 1982 
4846 2562 2574 2560 
4847 1700 1873 1800 
4848 2485 2487 2287 
4849 1679 1865 1670 
4850 1677 1867 1671 
4851 2568 2571 2566 
4852 1512 1572 1495 
4853 1514 1570 1497 
4854 2017 2283 2282 
4855 2022 2285 2284 
4856 2027 2280 2279 
4857 1562 1712 1560 
4858 2312 2313 1797 
4859 2916 3347 2341 
4860 1935 1995 1937 
4861 1700 1800 1681 
4862 2135 2985 2103 
4863 1937 2996 1938 
4864 2190 2991 2187 
4865 1533 2945 1536 
4866 1938 2996 1941 
4867 2090 2370 2354 
4868 1734 1857 1733 
4869 1732 1855 1731 
4870 1785 2966 2020 
4871 1786 2967 2015 
4872 1635 1681 1616 
4873 1708 3069 440 
4874 1724 2154 1828 
4875 1723 2151 1827 
4876 1373 3021 1415 
4877 1995 2390 1937 
4878 483 3025 484 
4879 2586 2602 2588 
4880 2155 2730 2729 
4881 2152 2728 2727 
4882 1901 2121 1791 
4883 1908 2122 1793 
4884 1941 2363 1998 
4885 2789 2985 2157 
4886 2042 2050 2040 
4887 3298 3424 2748 
4888 1894 2120 1883 
4889 2138 2315 1905 
4890 2139 2316 1912 
4891 2197 2310 2194 
4892 1948 2150 1950 
4893 2137 2311 1898 
4894 2089 2360 2048 
4895 1931 1932 1930 
4896 2057 2148 2055 
4897 1616 2945 1531 
4898 1734 1858 1857 
4899 1732 1856 1855 
4900 1662 1663 1519 
4901 1658 1659 1521 
4902 1757 3060 426 
4903 1375 3021 1373 
4904 1905 3012 1902 
4905 1912 3013 1909 
4906 1662 1664 1663 
4907 1658 1660 1659 
4908 1929 1930 1860 
4909 1832 3196 2459 
4910 242 3061 243 
4911 1730 1852 1729 
4912 2154 2155 1828 
4913 2151 2152 1827 
4914 1977 2304 1978 
4915 2872 3361 1623 
4916 1730 1853 1852 
4917 1856 2037 1855 
4918 1858 2039 1857 
4919 1898 3016 1895 
4920 441 3069 1391 
4921 1902 3012 1901 
4922 1909 3013 1908 
4923 2038 2249 2037 
4924 2227 2318 2226 
4925 1931 1934 1932 
4926 1856 2038 2037 
4927 2602 2603 2588 
4928 1901 2385 2121 
4929 1908 2387 2122 
4930 1864 2989 1681 
4931 2038 2250 2249 
4932 1446 1523 1445 
4933 1461 1490 1460 
4934 1454 1525 1455 
4935 2595 3022 2581 
4936 1660 1697 1661 
4937 1664 1698 1665 
4938 1868 2288 1867 
4939 1866 2286 1865 
4940 1853 1879 1852 
4941 2172 2975 2920 
4942 1858 2040 2039 
4943 1647 3075 415 
4944 1894 2382 2120 
4945 2250 2251 2249 
4946 2150 2262 1950 
4947 1697 1723 1661 
4948 1698 1724 1665 
4949 1660 1661 1659 
4950 1664 1665 1663 
4951 1998 3026 1942 
4952 1457 1494 1456 
4953 1459 1496 1458 
4954 2402 2995 2404 
4955 1895 3016 1894 
4956 2250 2343 2251 
4957 2057 2260 2148 
4958 2337 2473 2304 
4959 2577 2604 2571 
4960 1880 1881 1879 
4961 1571 1642 1570 
4962 1573 1643 1572 
4963 1667 1727 1569 
4964 1453 1528 1452 
4965 1449 1526 1448 
4966 2398 2419 1891 
4967 2399 2421 1892 
4968 1853 1880 1879 
4969 2318 2372 2319 
4970 1812 1891 1810 
4971 1809 1892 1807 
4972 1643 1726 1656 
4973 1642 1725 1655 
4974 2385 2386 2121 
4975 2387 2388 2122 
4976 1713 1885 1712 
4977 456 3042 457 
4978 2030 2300 1871 
4979 2031 2297 1872 
4980 1726 1872 1785 
4981 1725 1871 1786 
4982 1495 2970 1494 
4983 1497 2969 1496 
4984 1673 1807 1654 
4985 1672 1810 1653 
4986 1568 1653 1567 
4987 1566 1654 1565 
4988 2382 2383 2120 
4989 2266 2373 2265 
4990 453 3020 454 
4991 1524 1557 1523 
4992 1525 1563 1549 
4993 1727 1869 1728 
4994 1869 2125 1870 
4995 1563 1652 1564 
4996 1558 1651 1557 
4997 1652 1804 1669 
4998 1804 1890 1806 
4999 1890 2408 2242 
5000 1851 2992 1691 
5001 1491 2973 1490 
5002 2264 2265 1885 
5003 1540 2924 1631 
5004 1460 2935 375 
5005 1425 2940 250 
5006 283 2941 1454 
5007 1450 2936 281 
5008 450 2939 1429 
5009 2936 2941 282 
5010 1456 2937 305 
5011 1458 2938 340 
5012 1368 3072 1485 
5013 2052 3027 2049 
5014 1527 1567 1526 
5015 1529 1565 1528 
5016 2581 3022 2583 
5017 2004 3050 1999 
5018 1942 3026 1945 
5019 2214 2982 2212 
5020 1626 2943 255 
5021 2200 2977 2198 
5022 2212 2982 2229 
5023 1625 2942 458 
5024 1929 1931 1930 
5025 2396 3014 2394 
5026 2624 3395 1452 
5027 2049 3027 2089 
5028 2007 3064 2790 
5029 1931 3019 2359 
5030 2647 3043 1419 
5031 20 3024 1413 
5032 16 3023 1414 
5033 1859 1929 1860 
5034 2061 3008 2058 
5035 1951 3007 1954 
5036 2591 3116 2596 
5037 1711 2976 1709 
5038 445 2944 1627 
5039 1709 2976 1795 
5040 2198 2977 2278 
5041 2940 3380 2338 
5042 2281 3040 2177 
5043 2719 3147 2101 
5044 2072 2984 2070 
5045 2667 2991 2665 
5046 1795 2976 2158 
5047 1955 2988 1957 
5048 1850 2986 1849 
5049 2070 2984 2085 
5050 2846 3066 1403 
5051 1893 2986 2427 
5052 2900 2998 1965 
5053 2728 3402 69 
5054 2730 3401 118 
5055 2168 3271 3128 
5056 1758 2961 1859 
5057 1859 2961 2358 
5058 2094 3057 2786 
5059 2987 3048 2929 
5060 1657 2952 479 
5061 3063 3160 1464 
5062 2611 3420 2597 
5063 2221 2982 2214 
5064 1962 2997 1974 
5065 3070 3134 2169 
5066 2343 3543 3172 
5067 1812 3044 2398 
5068 1809 3045 2399 
5069 2086 2993 2069 
5070 2354 2984 2075 
5071 3099 3154 1636 
5072 2131 2988 1955 
5073 1965 2998 1968 
5074 2055 3027 2052 
5075 2915 3272 2039 
5076 1618 2979 1730 
5077 2075 2984 2072 
5078 2069 2993 2066 
5079 1959 2997 1962 
5080 2583 3022 2586 
5081 2302 2967 1871 
5082 2299 2966 1872 
5083 2045 3067 2044 
5084 2218 3005 2216 
5085 1569 2973 1491 
5086 1941 2996 2363 
5087 2315 3012 1905 
5088 2316 3013 1912 
5089 1978 2999 1980 
5090 1572 2970 1495 
5091 1570 2969 1497 
5092 2536 3524 3100 
5093 2311 3016 1898 
5094 1945 3026 1948 
5095 1560 3001 1558 
5096 2223 3002 2220 
5097 1872 2966 1785 
5098 1871 2967 1786 
5099 1849 2986 1893 
5100 2203 2977 2200 
5101 2358 3019 1929 
5102 2262 3007 1950 
5103 2560 3006 2555 
5104 1970 3000 1972 
5105 1451 3042 456 
5106 2057 3008 2260 
5107 457 3042 1625 
5108 2566 3009 2564 
5109 1424 3020 453 
5110 2015 3010 2017 
5111 2020 3011 2022 
5112 246 3041 247 
5113 1655 2969 1570 
5114 1656 2970 1572 
5115 1616 2989 2945 
5116 2062 3017 2130 
5117 1646 3095 366 
5118 2103 2985 2789 
5119 2064 3017 2062 
5120 424 3049 425 
5121 2216 3005 2221 
5122 1728 2973 1569 
5123 3186 3222 2025 
5124 3125 3435 2166 
5125 1764 2935 1460 
5126 1957 2988 1961 
5127 1765 2937 1456 
5128 1766 2938 1458 
5129 1961 2997 1959 
5130 2066 2993 2068 
5131 2091 3534 2508 
5132 1629 3018 1638 
5133 2781 3108 2391 
5134 1681 2989 1616 
5135 2737 3226 1554 
5136 3082 3114 2137 
5137 11 3059 277 
5138 2886 3051 1843 
5139 2757 3460 3156 
5140 1999 3050 2528 
5141 2046 3148 2047 
5142 2390 2996 1937 
5143 1587 3018 1629 
5144 247 3041 1430 
5145 1943 2994 2397 
5146 2274 3126 1864 
5147 460 3100 461 
5148 2392 3261 2776 
5149 1954 3007 2308 
5150 2309 3008 2061 
5151 1800 2994 1943 
5152 2304 2999 1978 
5153 2292 3054 2353 
5154 2290 3053 2351 
5155 2908 3340 2910 
5156 2912 3341 2914 
5157 1873 2994 1800 
5158 1558 3001 1651 
5159 2688 3146 2100 
5160 2029 3001 1712 
5161 2181 2994 1873 
5162 2605 3009 2571 
5163 1977 3000 2337 
5164 1811 3028 1653 
5165 2919 3018 1587 
5166 1808 3029 1654 
5167 2056 3166 2059 
5168 2422 3030 1892 
5169 2420 3031 1891 
5170 2319 3002 2226 
5171 2276 2977 2203 
5172 1901 3012 2385 
5173 1908 3013 2387 
5174 277 3059 1426 
5175 1968 2998 1973 
5176 1726 3033 2031 
5177 1725 3034 2030 
5178 1890 3036 2409 
5179 1652 3037 1805 
5180 1867 3033 1671 
5181 1865 3034 1670 
5182 1894 3016 2382 
5183 2335 3199 2668 
5184 1869 3038 2175 
5185 1567 3028 1577 
5186 2068 3017 2064 
5187 1565 3029 1576 
5188 2014 3055 2969 
5189 2019 3056 2970 
5190 3160 3208 3051 
5191 1807 3030 1808 
5192 1810 3031 1811 
5193 1791 3003 1697 
5194 1793 3004 1698 
5195 2313 3038 1797 
5196 2232 3005 2218 
5197 3087 3118 2138 
5198 3086 3119 2139 
5199 1671 3033 1643 
5200 1670 3034 1642 
5201 1805 3036 1804 
5202 1574 3037 1563 
5203 2931 3064 1787 
5204 1413 3024 1658 
5205 1414 3023 1662 
5206 2631 3073 2632 
5207 2341 3433 2342 
5208 3187 3449 1934 
5209 1797 3038 1727 
5210 1723 3003 2151 
5211 1724 3004 2154 
5212 2220 3002 2232 
5213 2633 3259 1505 
5214 1973 3000 1970 
5215 1883 3015 1880 
5216 1980 2999 2258 
5217 1972 3000 1977 
5218 1929 3019 1931 
5219 1698 3004 1724 
5220 1697 3003 1723 
5221 2226 3002 2223 
5222 1536 3052 2924 
5223 1985 3254 3135 
5224 2586 3022 2602 
5225 2148 3027 2055 
5226 3043 3481 2715 
5227 2905 3053 2899 
5228 2906 3054 2898 
5229 1712 3001 1560 
5230 2574 3006 2560 
5231 426 3060 427 
5232 2825 3089 2734 
5233 1530 3032 1635 
5234 2555 3006 2891 
5235 2571 3009 2566 
5236 2773 3062 2093 
5237 1880 3015 1881 
5238 2017 3010 2283 
5239 2022 3011 2285 
5240 35 3097 473 
5241 2967 3010 2015 
5242 2966 3011 2020 
5243 1948 3026 2150 
5244 1940 3159 1939 
5245 2024 3058 2973 
5246 378 3105 379 
5247 1496 3055 1766 
5248 1494 3056 1765 
5249 2230 3078 2211 
5250 2929 3048 2779 
5251 2121 3003 1791 
5252 2122 3004 1793 
5253 1544 3032 1470 
5254 30 3063 1370 
5255 3019 3320 1634 
5256 2924 3052 2124 
5257 2120 3015 1883 
5258 1604 3152 41 
5259 1366 3205 2757 
5260 1469 3243 2679 
5261 1470 3032 1530 
5262 2098 3093 2129 
5263 232 3153 1597 
5264 1601 3255 2487 
5265 1423 3071 474 
5266 308 3109 309 
5267 343 3111 344 
5268 2899 3053 2290 
5269 2898 3054 2292 
5270 57 3144 56 
5271 106 3143 105 
5272 428 3065 429 
5273 3018 3074 1861 
5274 2615 3323 2614 
5275 2913 3044 2911 
5276 2909 3045 2907 
5277 1490 3058 1764 
5278 2338 3166 2054 
5279 2945 3052 1536 
5280 1653 3028 1567 
5281 1654 3029 1565 
5282 1891 3031 1810 
5283 1892 3030 1807 
5284 87 3122 86 
5285 136 3123 135 
5286 185 3124 184 
5287 89 3125 88 
5288 1643 3033 1726 
5289 1642 3034 1725 
5290 2295 3447 2296 
5291 1804 3036 1890 
5292 1563 3037 1652 
5293 389 3128 390 
5294 436 3127 437 
5295 410 3129 411 
5296 263 3131 264 
5297 235 3130 236 
5298 333 3132 334 
5299 298 3133 299 
5300 438 3134 439 
5301 319 3137 320 
5302 354 3136 355 
5303 326 3138 327 
5304 361 3135 362 
5305 396 3139 397 
5306 1727 3038 1869 
5307 2348 3070 2774 
5308 146 3068 1508 
5309 2208 3078 2210 
5310 2872 3349 2336 
5311 2884 3381 2325 
5312 403 3142 404 
5313 460 3224 3100 
5314 1683 3054 2906 
5315 1684 3053 2905 
5316 440 3069 441 
5317 2192 3193 2450 
5318 2013 3066 2846 
5319 2969 3055 1496 
5320 2970 3056 1494 
5321 2855 3265 2809 
5322 2790 3064 2931 
5323 3003 3080 2151 
5324 3004 3081 2154 
5325 474 3071 475 
5326 2616 3321 2617 
5327 2753 3253 1611 
5328 1989 3513 3130 
5329 1987 3512 3131 
5330 2849 3520 3133 
5331 338 3145 339 
5332 40 3152 2164 
5333 2166 3153 233 
5334 1787 3064 2146 
5335 1473 3301 2475 
5336 2614 3323 3316 
5337 2973 3058 1490 
5338 2146 3369 2460 
5339 2989 3052 2945 
5340 2895 3267 2916 
5341 2048 3067 2045 
5342 2816 3147 2400 
5343 2360 3067 2048 
5344 2481 3160 3063 
5345 2460 3466 2146 
5346 2152 3076 2728 
5347 2155 3077 2730 
5348 2506 3503 2504 
5349 2281 3047 3040 
5350 2457 3357 1621 
5351 2031 3085 2298 
5352 2030 3084 2301 
5353 3048 3096 2779 
5354 2121 3080 3003 
5355 2122 3081 3004 
5356 1448 3061 242 
5357 1805 3046 3036 
5358 1485 3072 1584 
5359 2923 3107 3074 
5360 2405 3157 2134 
5361 2700 3350 2438 
5362 2737 3238 3226 
5363 2685 3094 2046 
5364 1865 3084 3034 
5365 1867 3085 3033 
5366 415 3075 416 
5367 2965 3172 2662 
5368 2714 3079 1599 
5369 2911 3044 1812 
5370 2907 3045 1809 
5371 1990 3518 3132 
5372 1637 3154 1854 
5373 2886 3089 3051 
5374 2770 3127 1707 
5375 2217 3194 2219 
5376 2923 3074 2962 
5377 2916 3267 1575 
5378 2191 3121 2190 
5379 2357 3149 2901 
5380 3051 3089 2825 
5381 1505 3276 78 
5382 2337 3539 2474 
5383 2883 3188 3163 
5384 2690 3088 2691 
5385 2698 3354 2444 
5386 2699 3353 2442 
5387 2129 3141 2096 
5388 1896 3214 2423 
5389 2274 3158 3126 
5390 1903 3216 2411 
5391 1910 3217 2415 
5392 2919 3074 3018 
5393 2211 3078 2208 
5394 3347 3433 2341 
5395 1596 3197 2643 
5396 2517 3083 2240 
5397 3352 3455 1850 
5398 1606 3202 2658 
5399 1607 3203 2659 
5400 2693 3205 2692 
5401 2407 3164 2118 
5402 2962 3074 2919 
5403 2594 3481 3043 
5404 2562 3091 2574 
5405 2462 3367 1408 
5406 3034 3084 2030 
5407 3033 3085 2031 
5408 2577 3101 2604 
5409 2154 3077 2155 
5410 2151 3076 2152 
5411 2204 3117 2234 
5412 2879 3307 1500 
5413 2880 3308 1502 
5414 3074 3107 1861 
5415 2188 3193 2189 
5416 2452 3185 1447 
5417 2881 3311 1501 
5418 2739 3195 2738 
5419 1939 3098 2683 
5420 1424 3104 3020 
5421 2384 3477 3102 
5422 2234 3464 3120 
5423 2210 3117 2206 
5424 2365 3161 2230 
5425 3009 3091 2564 
5426 2736 3238 2737 
5427 2951 3163 2751 
5428 3244 3520 2849 
5429 3239 3513 1989 
5430 3240 3512 1987 
5431 466 3165 467 
5432 2731 3212 2377 
5433 451 3167 33 
5434 2091 3488 2472 
5435 2743 3246 2744 
5436 2741 3245 2742 
5437 1641 3163 2951 
5438 2377 3221 1689 
5439 1854 3089 2886 
5440 1507 3260 2639 
5441 342 3150 1431 
5442 307 3151 1432 
5443 2612 3225 2611 
5444 2640 3330 1600 
5445 2938 3150 341 
5446 2937 3151 306 
5447 2386 3080 2121 
5448 2388 3081 2122 
5449 2939 3386 1429 
5450 2681 3319 2682 
5451 2779 3096 1578 
5452 1639 3158 1711 
5453 1882 3214 1884 
5454 366 3095 367 
5455 2604 3090 2605 
5456 377 3155 1433 
5457 2935 3155 376 
5458 2670 3174 1612 
5459 1718 3216 1792 
5460 1719 3217 1794 
5461 1660 3175 1718 
5462 1664 3176 1719 
5463 2564 3091 2562 
5464 1853 3173 1882 
5465 3241 3518 1990 
5466 2280 3082 2279 
5467 2806 3271 2843 
5468 2310 3121 2194 
5469 2646 3252 1509 
5470 2286 3084 1865 
5471 2288 3085 1867 
5472 418 3183 1833 
5473 2308 3459 3334 
5474 1790 3188 2883 
5475 2240 3099 2032 
5476 2263 3093 2098 
5477 2501 3540 2500 
5478 2758 3218 2755 
5479 3242 3264 2312 
5480 3024 3440 2413 
5481 3023 3439 2417 
5482 2285 3086 2284 
5483 2283 3087 2282 
5484 2429 3534 2430 
5485 3247 3258 1389 
5486 2488 3495 1506 
5487 461 3100 1588 
5488 3259 3276 1505 
5489 2327 3476 3210 
5490 2245 3187 2244 
5491 2140 3108 2781 
5492 2326 3474 3209 
5493 2529 3337 2130 
5494 473 3097 1423 
5495 369 3196 1832 
5496 1781 3200 2092 
5497 35 3490 3097 
5498 1440 3231 2525 
5499 1835 3381 2884 
5500 1503 3463 2473 
5501 2157 3242 2312 
5502 2579 3101 2577 
5503 1425 3380 2940 
5504 178 3457 3182 
5505 1609 3168 2660 
5506 2419 3371 1387 
5507 2421 3372 1388 
5508 2901 3485 3113 
5509 1390 3487 2408 
5510 1854 3154 3083 
5511 1515 3114 2736 
5512 1404 3322 2873 
5513 2197 3162 2310 
5514 2154 3081 3077 
5515 2151 3080 3076 
5516 1463 3251 165 
5517 164 3251 1596 
5518 1389 3255 55 
5519 2595 3092 3022 
5520 54 3255 1601 
5521 400 3211 401 
5522 66 3256 1606 
5523 115 3257 1607 
5524 1482 3256 67 
5525 1483 3257 116 
5526 3100 3224 2536 
5527 1433 3105 378 
5528 1417 3120 2711 
5529 2604 3530 3090 
5530 2499 3490 2500 
5531 2326 3209 2732 
5532 1516 3118 2741 
5533 1517 3119 2743 
5534 2327 3210 2735 
5535 1510 3489 2514 
5536 1870 3186 2025 
5537 2744 3233 1555 
5538 2742 3232 1556 
5539 1861 3107 2933 
5540 19 3390 2780 
5541 1432 3109 308 
5542 1431 3111 343 
5543 2050 3171 2486 
5544 2527 3249 1444 
5545 3191 3207 108 
5546 3192 3206 59 
5547 2600 3116 2591 
5548 2638 3310 1489 
5549 2180 3199 2335 
5550 1464 3160 2825 
5551 2536 3224 1988 
5552 2384 3102 3015 
5553 2095 3107 2923 
5554 2889 3221 2389 
5555 2660 3168 2661 
5556 2979 3441 2425 
5557 2618 3351 2619 
5558 1447 3185 477 
5559 2825 3160 3051 
5560 2691 3374 1615 
5561 2653 3356 2654 
5562 2979 3173 1730 
5563 2095 3141 3107 
5564 3023 3176 1662 
5565 3024 3175 1658 
5566 478 3185 1657 
5567 2042 3171 2050 
5568 2206 3117 2204 
5569 1391 3177 2964 
5570 2606 3140 2579 
5571 3107 3141 2933 
5572 135 3123 1704 
5573 86 3122 1703 
5574 1701 3125 89 
5575 184 3124 1702 
5576 2448 3333 1550 
5577 2325 3382 2884 
5578 278 3225 279 
5579 1488 3472 2649 
5580 151 3277 1715 
5581 56 3144 1389 
5582 105 3143 1385 
5583 2989 3126 3052 
5584 2614 3321 2613 
5585 1716 3279 122 
5586 1717 3278 73 
5587 2675 3467 1609 
5588 3143 3248 1385 
5589 3144 3247 1389 
5590 1588 3268 2776 
5591 1390 3284 153 
5592 2047 3148 2051 
5593 2101 3147 2816 
5594 1915 3228 1760 
5595 390 3128 1706 
5596 1707 3127 436 
5597 411 3129 2868 
5598 2478 3362 1473 
5599 264 3131 2851 
5600 236 3130 2858 
5601 334 3132 2859 
5602 3490 3529 2500 
5603 299 3133 1834 
5604 1916 3229 1762 
5605 3015 3102 1881 
5606 439 3134 1708 
5607 355 3136 1877 
5608 320 3137 1876 
5609 327 3138 1878 
5610 120 3286 1387 
5611 71 3287 1388 
5612 3022 3092 2602 
5613 397 3139 1835 
5614 2186 3199 2183 
5615 2696 3386 2695 
5616 2215 3540 2217 
5617 404 3142 1402 
5618 2194 3121 2191 
5619 2901 3113 2998 
5620 1577 3201 1526 
5621 2100 3146 2428 
5622 1475 3145 338 
5623 2123 3534 2429 
5624 2376 3267 2235 
5625 2745 3335 2747 
5626 3001 3103 1651 
5627 339 3390 19 
5628 362 3135 2927 
5629 2579 3472 3101 
5630 2656 3452 2655 
5631 341 3150 342 
5632 306 3151 307 
5633 2776 3268 2775 
5634 230 3299 1416 
5635 3174 3494 1612 
5636 3052 3126 2124 
5637 2159 3250 2687 
5638 2233 3194 2760 
5639 2664 3478 2663 
5640 1575 3213 1523 
5641 2556 3204 2594 
5642 2558 3204 2552 
5643 3083 3154 2240 
5644 1368 3313 3072 
5645 3162 3515 2541 
5646 2784 3283 1919 
5647 2096 3141 2095 
5648 2671 3174 2670 
5649 2063 3488 2091 
5650 2601 3262 3046 
5651 1418 3312 43 
5652 376 3155 377 
5653 2998 3113 1973 
5654 1428 3339 2617 
5655 3109 3304 309 
5656 3111 3305 344 
5657 2757 3156 2758 
5658 464 3261 1474 
5659 2500 3540 2231 
5660 3270 3328 3288 
5661 2029 3103 3001 
5662 1864 3126 2989 
5663 2170 3268 2272 
5664 2242 3388 3282 
5665 41 3152 40 
5666 1577 3250 3201 
5667 2313 3115 3038 
5668 1636 3154 1637 
5669 233 3153 232 
5670 1799 3343 2908 
5671 1798 3344 2912 
5672 3105 3309 379 
5673 1944 3159 1940 
5674 1597 3299 231 
5675 2379 3382 2724 
5676 3061 3201 2435 
5677 1394 3336 217 
5678 2596 3431 2599 
5679 2381 3360 2940 
5680 447 3231 1440 
5681 1627 3231 446 
5682 70 3326 69 
5683 119 3327 118 
5684 215 3338 1369 
5685 2410 3149 2357 
5686 2134 3157 2305 
5687 1666 3223 2641 
5688 2012 3198 2763 
5689 42 3312 1604 
5690 2718 3236 2685 
5691 2242 3282 1806 
5692 3038 3115 2175 
5693 3126 3158 2124 
5694 2513 3269 1879 
5695 1630 3320 2174 
5696 2721 3398 1614 
5697 2716 3446 2714 
5698 2032 3315 1789 
5699 2720 3376 1363 
5700 1472 3280 372 
5701 2701 3273 2037 
5702 2027 3222 2280 
5703 2710 3479 2706 
5704 2124 3158 1639 
5705 1832 3285 370 
5706 371 3285 1472 
5707 2009 3209 2903 
5708 2764 3318 2828 
5709 2939 3355 2378 
5710 2832 3294 2831 
5711 2010 3210 2902 
5712 1583 3263 1552 
5713 1403 3349 2872 
5714 2620 3351 2623 
5715 2683 3234 2684 
5716 2822 3302 2800 
5717 1806 3264 1669 
5718 1444 3249 253 
5719 254 3249 1626 
5720 2751 3163 2135 
5721 2476 3183 3075 
5722 1594 3526 130 
5723 2459 3196 3095 
5724 3088 3455 3352 
5725 109 3191 108 
5726 60 3192 59 
5727 2740 3215 1666 
5728 420 3301 1473 
5729 1833 3301 419 
5730 1506 3495 176 
5731 2765 3169 2188 
5732 1769 3293 1665 
5733 1768 3292 1661 
5734 373 3280 1688 
5735 2261 3322 2809 
5736 2299 3179 2966 
5737 2302 3178 2967 
5738 97 3463 1503 
5739 2739 3222 3186 
5740 1608 3463 98 
5741 2701 3314 1868 
5742 128 3489 1510 
5743 174 3480 1487 
5744 2329 3307 2252 
5745 2331 3308 2254 
5746 2684 3454 1860 
5747 2333 3311 2256 
5748 2840 3399 27 
5749 2232 3521 2489 
5750 3048 3475 3096 
5751 2599 3431 3039 
5752 2278 3162 2197 
5753 2798 3332 2797 
5754 3097 3490 2502 
5755 293 3317 1550 
5756 2167 3317 292 
5757 401 3313 402 
5758 2299 3207 3191 
5759 2302 3206 3192 
5760 2118 3164 2293 
5761 2276 3170 2977 
5762 1852 3269 2142 
5763 1556 3192 60 
5764 1555 3191 109 
5765 2054 3166 2056 
5766 2489 3521 2488 
5767 167 3387 166 
5768 2260 3260 2148 
5769 27 3399 403 
5770 295 3333 1645 
5771 1550 3333 294 
5772 2363 3494 3174 
5773 1448 3201 3061 
5774 3210 3476 1916 
5775 2707 3281 2712 
5776 1982 3235 1981 
5777 3072 3313 2380 
5778 1857 3272 2009 
5779 2263 3374 3093 
5780 1855 3273 2010 
5781 77 3530 76 
5782 3209 3474 1915 
5783 2487 3258 2287 
5784 15 3432 2688 
5785 2752 3265 2951 
5786 118 3401 117 
5787 69 3402 68 
5788 2806 3361 2805 
5789 2246 3324 2971 
5790 2247 3325 2972 
5791 2059 3488 2060 
5792 3093 3374 2691 
5793 2335 3253 2179 
5794 2248 3329 2974 
5795 2275 3227 2274 
5796 2190 3393 2991 
5797 2884 3382 1462 
5798 2991 3461 2186 
5799 179 3457 178 
5800 168 3471 167 
5801 2309 3184 3008 
5802 1734 3450 2718 
5803 1659 3292 1684 
5804 1663 3293 1683 
5805 2150 3252 2262 
5806 23 3436 2719 
5807 2662 3172 1595 
5808 1621 3357 2869 
5809 1473 3362 421 
5810 1429 3167 451 
5811 2358 3320 3019 
5812 2528 3383 2269 
5813 12 3425 2160 
5814 3007 3190 2308 
5815 2161 3427 6 
5816 2162 3428 10 
5817 2311 3197 3016 
5818 422 3362 1640 
5819 2080 3275 2078 
5820 1445 3165 466 
5821 1408 3367 2874 
5822 1827 3346 1768 
5823 1828 3345 1769 
5824 2315 3202 3012 
5825 2316 3203 3013 
5826 2890 3303 1934 
5827 2360 3467 3067 
5828 3182 3359 178 
5829 1455 3425 12 
5830 6 3427 1449 
5831 10 3428 1453 
5832 1729 3331 1682 
5833 39 3404 1 
5834 137 3406 2 
5835 1 3404 136 
5836 2 3406 87 
5837 4 3403 185 
5838 186 3403 4 
5839 88 3405 3 
5840 3 3405 234 
5841 388 3408 25 
5842 290 3407 9 
5843 9 3412 263 
5844 332 3410 18 
5845 25 3408 389 
5846 28 3409 410 
5847 9 3407 361 
5848 360 3412 9 
5849 5 3411 235 
5850 325 3411 5 
5851 18 3410 333 
5852 409 3409 28 
5853 437 3413 13 
5854 13 3413 291 
5855 14 3414 298 
5856 297 3414 14 
5857 353 3416 21 
5858 318 3415 17 
5859 17 3415 319 
5860 21 3416 354 
5861 262 3417 5 
5862 5 3417 326 
5863 430 3418 13 
5864 13 3418 438 
5865 486 3419 26 
5866 26 3419 396 
5867 1584 3180 1583 
5868 2089 3168 2360 
5869 2514 3469 2515 
5870 2249 3314 2701 
5871 107 3220 106 
5872 58 3219 57 
5873 423 3400 30 
5874 2836 3516 2457 
5875 2627 3482 2778 
5876 2827 3525 2462 
5877 34 3422 2497 
5878 2589 3306 2592 
5879 1732 3451 2340 
5880 2368 3272 2915 
5881 465 3422 34 
5882 3163 3188 2135 
5883 2279 3363 2438 
5884 310 3304 1438 
5885 345 3305 1437 
5886 2282 3366 2442 
5887 2284 3365 2444 
5888 2624 3527 2622 
5889 380 3309 1439 
5890 304 3432 15 
5891 1585 3369 2978 
5892 374 3436 23 
5893 2486 3171 2934 
5894 1428 3316 276 
5895 1647 3514 3164 
5896 279 3384 280 
5897 3186 3195 2739 
5898 3181 3389 2490 
5899 2977 3170 2278 
5900 2488 3521 2319 
5901 1575 3347 2916 
5902 3101 3472 1488 
5903 2991 3393 2665 
5904 1935 3303 1995 
5905 2366 3180 2171 
5906 2603 3306 2588 
5907 2044 3171 2042 
5908 2350 3396 2289 
5909 2352 3397 2291 
5910 2363 3174 1998 
5911 2744 3246 3233 
5912 2742 3245 3232 
5913 1934 3303 1932 
5914 275 3339 1428 
5915 381 3441 24 
5916 311 3439 16 
5917 346 3440 20 
5918 3067 3467 2676 
5919 1790 3242 3188 
5920 1730 3173 1853 
5921 1443 3348 273 
5922 2667 3461 2991 
5923 3122 3482 1703 
5924 1662 3176 1664 
5925 1658 3175 1660 
5926 1440 3355 448 
5927 449 3355 2939 
5928 3237 3533 3169 
5929 2265 3298 1885 
5930 2244 3434 2992 
5931 1528 3373 1452 
5932 2146 3466 1889 
5933 416 3426 29 
5934 29 3426 417 
5935 2413 3440 1437 
5936 2417 3439 1438 
5937 252 3360 1444 
5938 2940 3360 251 
5939 476 3364 1447 
5940 367 3429 22 
5941 22 3429 368 
5942 26 3430 459 
5943 395 3430 26 
5944 272 3375 1443 
5945 2964 3177 2241 
5946 1805 3448 3046 
5947 3009 3259 3091 
5948 3090 3530 77 
5949 3181 3182 2636 
5950 2090 3469 2514 
5951 477 3185 478 
5952 2281 3381 3047 
5953 2219 3194 2233 
5954 417 3183 418 
5955 1452 3395 270 
5956 3096 3475 2273 
5957 2490 3182 3181 
5958 2425 3441 1439 
5959 2412 3305 3111 
5960 2416 3304 3109 
5961 2426 3350 2700 
5962 2189 3193 2192 
5963 1806 3282 3264 
5964 1557 3347 1575 
5965 2424 3309 3105 
5966 36 3453 1400 
5967 108 3207 107 
5968 59 3206 58 
5969 3215 3223 1666 
5970 2626 3482 2627 
5971 1436 3454 32 
5972 2250 3391 2343 
5973 24 3441 2979 
5974 30 3400 3063 
5975 2078 3469 2076 
5976 8 3450 1435 
5977 31 3451 1434 
5978 2050 3394 2040 
5979 3069 3465 1391 
5980 1708 3462 3069 
5981 1427 3529 472 
5982 2755 3218 1381 
5983 2952 3453 36 
5984 32 3454 2944 
5985 2692 3205 1366 
5986 2943 3450 8 
5987 2942 3451 31 
5988 3035 3369 2146 
5989 16 3439 3023 
5990 20 3440 3024 
5991 2373 3471 3424 
5992 2569 3377 2580 
5993 2359 3187 1934 
5994 2125 3186 1870 
5995 2996 3266 2363 
5996 3222 3226 2280 
5997 1515 3496 3114 
5998 2967 3178 3010 
5999 2966 3179 3011 
6000 2738 3195 2740 
6001 2414 3353 2699 
6002 2418 3354 2698 
6003 1516 3501 3118 
6004 1517 3502 3119 
6005 2841 3254 1985 
6006 3098 3500 3234 
6007 2243 3392 2245 
6008 368 3196 369 
6009 3120 3464 2711 
6010 2397 3542 3218 
6011 3218 3542 1381 
6012 3158 3227 1711 
6013 2926 3475 1844 
6014 2183 3199 2180 
6015 2348 3462 3070 
6016 2174 3212 2731 
6017 3008 3184 2260 
6018 3078 3479 2210 
6019 2135 3188 2985 
6020 1780 3200 1781 
6021 3071 3364 475 
6022 3234 3500 1627 
6023 3328 3356 2084 
6024 1843 3208 2782 
6025 1445 3213 3165 
6026 3226 3238 2280 
6027 2262 3190 3007 
6028 2765 3237 3169 
6029 2230 3458 3078 
6030 2609 3323 2615 
6031 1981 3235 2012 
6032 1884 3214 1896 
6033 2552 3204 2556 
6034 2994 3289 2397 
6035 1792 3216 1903 
6036 1794 3217 1910 
6037 3201 3250 2435 
6038 3106 3350 2426 
6039 1462 3211 400 
6040 1689 3221 2889 
6041 2347 3465 3069 
6042 3091 3259 2633 
6043 1526 3201 1448 
6044 3069 3462 2347 
6045 3424 3471 1386 
6046 1983 3212 2961 
6047 2432 3380 1425 
6048 2903 3209 1915 
6049 2902 3210 1916 
6050 3250 3288 2687 
6051 3206 3219 58 
6052 3207 3220 107 
6053 2297 3207 2299 
6054 2300 3206 2302 
6055 3290 3483 3103 
6056 3016 3197 2382 
6057 2513 3358 2264 
6058 2842 3230 1986 
6059 178 3359 177 
6060 3189 3398 2721 
6061 1554 3226 2739 
6062 2451 3364 3071 
6063 2175 3223 3215 
6064 3085 3248 2298 
6065 3084 3247 2301 
6066 3112 3353 2414 
6067 3110 3354 2418 
6068 3031 3296 3291 
6069 3012 3202 2385 
6070 3013 3203 2387 
6071 2708 3479 3078 
6072 2299 3191 3179 
6073 2302 3192 3178 
6074 2175 3215 2125 
6075 1523 3213 1445 
6076 2397 3218 2275 
6077 459 3224 460 
6078 2125 3215 3195 
6079 3067 3456 2044 
6080 2766 3237 2765 
6081 2301 3219 2300 
6082 2298 3220 2297 
6083 2489 3389 2232 
6084 3051 3208 1843 
6085 2497 3422 3108 
6086 1760 3228 1780 
6087 2025 3222 2027 
6088 3236 3536 3094 
6089 2833 3230 2832 
6090 2679 3243 2680 
6091 1762 3229 1815 
6092 3078 3458 2708 
6093 1790 3264 3242 
6094 446 3231 447 
6095 3046 3295 3036 
6096 1626 3536 3236 
6097 2300 3219 3206 
6098 2297 3220 3207 
6099 1426 3225 278 
6100 3172 3543 1595 
6101 2474 3485 2791 
6102 2129 3352 3141 
6103 2933 3352 1850 
6104 2332 3240 2331 
6105 2330 3239 2329 
6106 2644 3473 3120 
6107 3168 3491 2661 
6108 2627 3446 2882 
6109 3178 3192 1556 
6110 3179 3191 1555 
6111 1475 3528 3145 
6112 2843 3271 2168 
6113 2334 3241 2333 
6114 2148 3491 3027 
6115 3195 3215 2740 
6116 3026 3497 2150 
6117 2648 3377 3043 
6118 3178 3232 3010 
6119 3179 3233 3011 
6120 2759 3370 1450 
6121 2671 3497 3174 
6122 1683 3341 3054 
6123 1684 3340 3053 
6124 2871 3239 1989 
6125 2845 3240 1987 
6126 1645 3244 2849 
6127 1621 3504 2457 
6128 2850 3241 1990 
6129 3180 3537 1583 
6130 3098 3234 2683 
6131 1715 3262 2638 
6132 3000 3539 2337 
6133 3002 3521 2232 
6134 1408 3508 2462 
6135 1657 3533 3237 
6136 3113 3539 1973 
6137 253 3249 254 
6138 1509 3252 2671 
6139 2944 3234 1627 
6140 2661 3260 1507 
6141 2454 3244 2917 
6142 2496 3334 1416 
6143 2274 3227 3158 
6144 2783 3368 2978 
6145 3010 3232 2283 
6146 3011 3233 2285 
6147 3099 3263 2371 
6148 3096 3466 2460 
6149 1626 3236 2943 
6150 167 3471 3274 
6151 2676 3456 3067 
6152 2980 3235 2441 
6153 2951 3425 1641 
6154 2267 3368 2963 
6155 1657 3237 2952 
6156 2435 3250 2159 
6157 2809 3265 2752 
6158 2089 3491 3168 
6159 1881 3358 2513 
6160 3059 3420 1426 
6161 3031 3291 1811 
6162 2963 3368 1992 
6163 2685 3236 3094 
6164 2366 3537 3180 
6165 2799 3254 2798 
6166 165 3251 164 
6167 3088 3352 2129 
6168 2298 3248 3143 
6169 2301 3247 3144 
6170 1556 3232 3178 
6171 1555 3233 3179 
6172 2242 3487 3388 
6173 2599 3370 2598 
6174 2235 3267 2895 
6175 1995 3243 2390 
6176 2598 3370 2759 
6177 3233 3246 2285 
6178 3232 3245 2283 
6179 3174 3497 1998 
6180 2474 3539 3113 
6181 55 3255 54 
6182 1636 3263 3099 
6183 2870 3516 2092 
6184 67 3256 66 
6185 116 3257 115 
6186 2082 3437 2087 
6187 2092 3470 2870 
6188 3373 3527 2624 
6189 3079 3446 2627 
6190 3274 3387 167 
6191 2462 3525 3367 
6192 2457 3516 3357 
6193 2985 3242 2157 
6194 463 3261 464 
6195 2179 3253 2181 
6196 3188 3242 2985 
6197 2775 3268 2170 
6198 3167 3503 33 
6199 3043 3377 2594 
6200 2278 3515 3162 
6201 2885 3331 2142 
6202 1552 3263 1636 
6203 2287 3258 2286 
6204 3288 3328 2687 
6205 1669 3264 1790 
6206 2682 3319 1394 
6207 2286 3258 3247 
6208 2160 3265 2855 
6209 3115 3223 2175 
6210 3335 3483 2747 
6211 1593 3473 2644 
6212 2125 3195 3186 
6213 2280 3238 3082 
6214 2597 3420 2608 
6215 2605 3276 3259 
6216 2672 3300 1465 
6217 2608 3420 3059 
6218 3291 3296 2652 
6219 1711 3227 3156 
6220 2406 3331 2885 
6221 2605 3259 3009 
6222 3235 3535 2012 
6223 2936 3370 2599 
6224 152 3284 3277 
6225 2654 3291 2652 
6226 3113 3485 2474 
6227 2541 3515 1593 
6228 2636 3457 1592 
6229 3279 3286 121 
6230 3278 3287 72 
6231 2897 3271 2806 
6232 2484 3447 2295 
6233 2285 3246 3086 
6234 2283 3245 3087 
6235 2286 3247 3084 
6236 2288 3248 3085 
6237 2875 3525 2115 
6238 2444 3354 2445 
6239 2442 3353 2443 
6240 1879 3269 1852 
6241 3300 3342 1465 
6242 152 3277 151 
6243 2739 3226 3222 
6244 3388 3487 2642 
6245 73 3278 72 
6246 122 3279 121 
6247 372 3280 373 
6248 1919 3283 2406 
6249 2652 3296 1716 
6250 2650 3297 1717 
6251 2438 3350 2439 
6252 2039 3272 1857 
6253 2037 3273 1855 
6254 2390 3266 2996 
6255 153 3284 152 
6256 370 3285 371 
6257 121 3286 120 
6258 72 3287 71 
6259 2709 3281 2707 
6260 1811 3270 3028 
6261 2374 3274 2373 
6262 2087 3275 2080 
6263 1510 3385 2657 
6264 2978 3368 2267 
6265 1416 3334 2637 
6266 2831 3294 2823 
6267 2622 3527 2625 
6268 2602 3421 2603 
6269 1489 3310 2750 
6270 3120 3473 2276 
6271 2472 3484 2091 
6272 3162 3478 2310 
6273 177 3359 1506 
6274 2273 3466 3096 
6275 2318 3486 2372 
6276 231 3299 230 
6277 2613 3321 2616 
6278 2312 3282 2313 
6279 2266 3358 3102 
6280 2823 3302 2822 
6281 2748 3424 1386 
6282 419 3301 420 
6283 2338 3380 3166 
6284 2719 3436 3147 
6285 2350 3343 2887 
6286 2352 3344 2888 
6287 1661 3292 1659 
6288 1665 3293 1663 
6289 2473 3468 2304 
6290 1506 3359 2490 
6291 2029 3298 3290 
6292 1600 3330 2648 
6293 3036 3295 2409 
6294 2980 3535 3235 
6295 2487 3438 1601 
6296 2420 3296 3031 
6297 2422 3297 3030 
6298 309 3304 310 
6299 344 3305 345 
6300 2268 3318 2764 
6301 2254 3308 2830 
6302 2252 3307 2829 
6303 3264 3282 2312 
6304 2256 3311 2826 
6305 379 3309 380 
6306 2727 3326 1388 
6307 2729 3327 1387 
6308 2603 3421 3068 
6309 43 3312 42 
6310 1789 3315 2008 
6311 2619 3351 2620 
6312 2166 3435 3153 
6313 1885 3298 2029 
6314 1714 3378 3335 
6315 3028 3288 1577 
6316 2311 3496 3197 
6317 1714 3335 2745 
6318 3316 3323 11 
6319 2181 3289 2994 
6320 1388 3326 70 
6321 1387 3327 119 
6322 402 3313 1368 
6323 2588 3306 2589 
6324 3205 3460 2757 
6325 2161 3531 2511 
6326 2162 3532 2509 
6327 2008 3318 2926 
6328 276 3316 11 
6329 292 3317 293 
6330 1634 3320 1630 
6331 2315 3501 3202 
6332 2316 3502 3203 
6333 1932 3303 1935 
6334 2324 3322 2261 
6335 2687 3328 2084 
6336 2688 3432 3146 
6337 2829 3324 2246 
6338 2830 3325 2247 
6339 3342 3379 2674 
6340 2672 3543 3300 
6341 1465 3342 2674 
6342 2826 3329 2248 
6343 2399 3372 2421 
6344 2398 3371 2419 
6345 2142 3331 1729 
6346 3336 3338 216 
6347 2481 3400 1640 
6348 2926 3318 2268 
6349 2251 3314 2249 
6350 2674 3379 1608 
6351 3152 3423 2164 
6352 2797 3332 2324 
6353 3337 3445 2309 
6354 2245 3392 3319 
6355 294 3333 295 
6356 1899 3363 2137 
6357 3090 3276 2605 
6358 3505 3508 2878 
6359 2303 3508 3505 
6360 217 3336 216 
6361 2655 3356 2653 
6362 2515 3385 1510 
6363 3045 3346 2153 
6364 3044 3345 2156 
6365 2156 3345 1828 
6366 2153 3346 1827 
6367 2353 3344 2352 
6368 2351 3343 2350 
6369 1906 3366 2138 
6370 1913 3365 2139 
6371 216 3338 215 
6372 3262 3295 3046 
6373 2695 3386 2339 
6374 3507 3511 2848 
6375 3506 3510 2856 
6376 2818 3511 3507 
6377 2820 3510 3506 
6378 3270 3288 3028 
6379 274 3339 275 
6380 1388 3372 2727 
6381 1387 3371 2729 
6382 2909 3346 3045 
6383 2913 3345 3044 
6384 3116 3431 2596 
6385 2336 3349 2277 
6386 2887 3343 1799 
6387 2888 3344 1798 
6388 1605 3445 2645 
6389 273 3348 274 
6390 2634 3442 3378 
6391 3076 3402 2728 
6392 3077 3401 2730 
6393 2728 3326 2727 
6394 2730 3327 2729 
6395 1487 3442 2634 
6396 2634 3378 1714 
6397 2032 3519 3315 
6398 2642 3487 1390 
6399 2724 3382 2325 
6400 1580 3428 3396 
6401 1579 3427 3397 
6402 3102 3358 1881 
6403 3125 3405 88 
6404 87 3406 3122 
6405 136 3404 3123 
6406 185 3403 3124 
6407 3282 3388 2313 
6408 389 3408 3128 
6409 3127 3413 437 
6410 410 3409 3129 
6411 235 3411 3130 
6412 263 3412 3131 
6413 333 3410 3132 
6414 298 3414 3133 
6415 1615 3374 2720 
6416 438 3418 3134 
6417 354 3416 3136 
6418 319 3415 3137 
6419 326 3417 3138 
6420 448 3355 449 
6421 396 3419 3139 
6422 361 3407 3135 
6423 3385 3452 2657 
6424 274 3348 3339 
6425 2805 3361 2336 
6426 2084 3437 2082 
6427 2869 3357 2870 
6428 2505 3503 3167 
6429 421 3362 422 
6430 1577 3288 3250 
6431 2130 3337 2309 
6432 403 3399 3142 
6433 166 3387 1463 
6434 251 3360 252 
6435 2486 3438 2485 
6436 2490 3389 2489 
6437 2874 3367 2875 
6438 3066 3349 1403 
6439 2264 3358 2266 
6440 475 3364 476 
6441 2711 3464 2710 
6442 2460 3369 1585 
6443 2665 3393 2664 
6444 3117 3464 2234 
6445 3161 3458 2230 
6446 1992 3368 2783 
6447 1651 3347 1557 
6448 2657 3452 2656 
6449 2784 3509 3283 
6450 2668 3461 2667 
6451 2780 3390 2345 
6452 3053 3340 2351 
6453 3054 3341 2353 
6454 1703 3482 2626 
6455 2502 3490 2499 
6456 3182 3457 2636 
6457 2325 3381 2281 
6458 3092 3421 2602 
6459 2431 3484 2472 
6460 1576 3373 1528 
6461 2637 3459 1602 
6462 271 3375 272 
6463 3145 3390 339 
6464 2663 3478 1504 
6465 2029 3290 3103 
6466 2304 3468 2999 
6467 2269 3383 2271 
6468 68 3402 1482 
6469 117 3401 1483 
6470 1614 3398 2693 
6471 2986 3455 3444 
6472 2643 3496 1515 
6473 2658 3501 1516 
6474 2659 3502 1517 
6475 2485 3438 2487 
6476 3108 3422 1474 
6477 2625 3527 1576 
6478 1504 3478 3162 
6479 1381 3542 2754 
6480 1369 3444 2690 
6481 1449 3427 1579 
6482 1453 3428 1580 
6483 1641 3425 1455 
6484 2232 3389 3005 
6485 2314 3376 2263 
6486 1482 3402 3076 
6487 1483 3401 3077 
6488 1868 3443 2288 
6489 2361 3392 2243 
6490 1583 3537 3263 
6491 1508 3421 3092 
6492 2294 3399 2840 
6493 1811 3291 3270 
6494 3268 3524 2272 
6495 1988 3430 395 
6496 2137 3363 3082 
6497 2288 3443 2965 
6498 270 3395 271 
6499 280 3384 1450 
6500 2165 3403 186 
6501 2164 3404 39 
6502 2163 3406 137 
6503 234 3405 2166 
6504 2291 3397 2511 
6505 2289 3396 2509 
6506 1592 3457 179 
6507 2594 3377 2569 
6508 271 3395 3375 
6509 1985 3407 290 
6510 2168 3408 388 
6511 1986 3409 409 
6512 1990 3410 332 
6513 291 3413 2167 
6514 1987 3412 360 
6515 1989 3411 325 
6516 2849 3414 297 
6517 2863 3415 318 
6518 2864 3416 353 
6519 2854 3417 262 
6520 2169 3418 430 
6521 2876 3419 486 
6522 2277 3349 3066 
6523 3063 3400 2481 
6524 3196 3429 3095 
6525 1640 3400 423 
6526 1474 3422 465 
6527 1450 3370 2936 
6528 2504 3503 2505 
6529 3334 3459 2637 
6530 2676 3467 2675 
6531 2231 3540 2215 
6532 3270 3291 2654 
6533 2441 3391 2250 
6534 2139 3365 3086 
6535 2138 3366 3087 
6536 2320 3486 2318 
6537 2715 3481 2716 
6538 2649 3472 2650 
6539 1651 3433 3347 
6540 1612 3494 2678 
6541 1687 3432 304 
6542 1386 3471 168 
6543 2708 3458 2709 
6544 2186 3461 3199 
6545 3444 3455 2690 
6546 3121 3393 2190 
6547 3200 3470 2092 
6548 2463 3423 2464 
6549 1688 3436 374 
6550 2347 3462 2348 
6551 1595 3543 2672 
6552 2934 3456 2676 
6553 98 3463 97 
6554 2992 3434 1634 
6555 1850 3455 2986 
6556 1391 3465 3177 
6557 2040 3394 2039 
6558 2144 3398 3189 
6559 2492 3435 2491 
6560 2847 3538 2305 
6561 2317 3465 2347 
6562 2706 3479 2708 
6563 2060 3488 2063 
6564 2890 3449 2681 
6565 2508 3534 2123 
6566 3224 3430 1988 
6567 3197 3496 2643 
6568 3153 3435 2492 
6569 3204 3481 2594 
6570 2430 3484 2431 
6571 1400 3453 1544 
6572 1860 3454 1436 
6573 3082 3363 2279 
6574 1435 3450 1734 
6575 1438 3439 311 
6576 1437 3440 346 
6577 1434 3451 1732 
6578 1439 3441 381 
6579 1916 3476 3229 
6580 1915 3474 3228 
6581 76 3530 1488 
6582 2373 3424 2265 
6583 3523 3532 2866 
6584 3522 3531 2865 
6585 175 3495 3480 
6586 2245 3449 3187 
6587 3086 3365 2284 
6588 3087 3366 2282 
6589 3170 3473 1593 
6590 3183 3426 3075 
6591 35 3529 3490 
6592 3202 3501 2658 
6593 3203 3502 2659 
6594 3281 3541 2712 
6595 175 3480 174 
6596 1889 3466 2273 
6597 129 3526 3489 
6598 3147 3436 1688 
6599 2791 3485 1598 
6600 2859 3504 1621 
6601 2510 3532 3523 
6602 2512 3531 3522 
6603 2851 3499 1620 
6604 2858 3498 1619 
6605 1834 3505 2878 
6606 2462 3508 2303 
6607 2307 3476 2327 
6608 1620 3507 2848 
6609 1619 3506 2856 
6610 3499 3507 1620 
6611 3498 3506 1619 
6612 2306 3474 2326 
6613 2817 3511 2818 
6614 2819 3510 2820 
6615 2986 3444 2427 
6616 2371 3537 2366 
6617 129 3489 128 
6618 2439 3350 3106 
6619 3146 3432 1687 
6620 3115 3388 2642 
6621 176 3495 175 
6622 1593 3515 3170 
6623 2464 3423 3152 
6624 3166 3380 2432 
6625 2305 3538 2811 
6626 130 3526 129 
6627 2443 3353 3112 
6628 2445 3354 3110 
6629 2490 3359 3182 
6630 2511 3531 2512 
6631 2509 3532 2510 
6632 1477 3523 2866 
6633 1476 3522 2865 
6634 2834 3492 2833 
6635 2820 3506 2456 
6636 2818 3507 2455 
6637 2340 3535 2980 
6638 2293 3514 3493 
6639 2092 3516 2836 
6640 2115 3525 2827 
6641 2293 3493 2834 
6642 2868 3492 1499 
6643 2510 3523 2817 
6644 2512 3522 2819 
6645 3492 3493 1499 
6646 1499 3493 2860 
6647 2834 3493 3492 
6648 2367 3519 2371 
6649 2303 3505 2454 
6650 2455 3499 2332 
6651 2456 3498 2330 
6652 2811 3538 1498 
6653 2457 3504 2334 
6654 3493 3514 2860 
6655 3037 3448 1805 
6656 2860 3514 1647 
6657 2878 3508 1408 
6658 2456 3506 3498 
6659 2455 3507 3499 
6660 2856 3510 1476 
6661 2848 3511 1477 
6662 2976 3460 2158 
6663 2710 3464 3117 
6664 1498 3538 2847 
6665 3068 3421 1508 
6666 2076 3469 2090 
6667 2870 3528 1475 
6668 3039 3431 1574 
6669 1574 3431 3116 
6670 2865 3531 2161 
6671 2866 3532 2162 
6672 3075 3426 416 
6673 3141 3352 2933 
6674 472 3529 35 
6675 3249 3536 1626 
6676 3124 3403 2165 
6677 2166 3405 3125 
6678 3123 3404 2164 
6679 3122 3406 2163 
6680 2167 3413 3127 
6681 3128 3408 2168 
6682 3129 3409 1986 
6683 3130 3411 1989 
6684 3131 3412 1987 
6685 3132 3410 1990 
6686 3133 3414 2849 
6687 3136 3416 2864 
6688 3137 3415 2863 
6689 3134 3418 2169 
6690 3138 3417 2854 
6691 3135 3407 1985 
6692 3139 3419 2876 
6693 1627 3500 3231 
6694 2714 3446 3079 
6695 3492 3517 2833 
6696 3142 3399 2294 
6697 1844 3475 3048 
6698 2408 3487 2242 
6699 2868 3517 3492 
6700 1998 3497 3026 
6701 3027 3491 2089 
6702 3095 3429 367 
6703 2313 3388 3115 
6704 2654 3328 3270 
6705 2709 3458 3161 
6706 2690 3455 3088 
6707 3185 3533 1657 
6708 2345 3390 3145 
6709 2309 3445 3184 
6710 3103 3433 1651 
6711 2319 3521 3002 
6712 3190 3459 2308 
6713 2859 3518 3504 
6714 2858 3513 3498 
6715 2851 3512 3499 
6716 2664 3393 3121 
6717 2013 3509 3066 
6718 1973 3539 3000 
6719 3498 3513 2330 
6720 3499 3512 2332 
6721 1834 3520 3505 
6722 3504 3518 2334 
6723 3266 3494 2363 
6724 3177 3465 2317 
6725 3505 3520 2454 
6726 3094 3536 2527 
6727 2525 3500 3098 
6728 1715 3295 3262 
6729 3289 3542 2397 
6730 3510 3522 1476 
6731 3511 3523 1477 
6732 2276 3473 3170 
6733 2819 3522 3510 
6734 2817 3523 3511 
6735 2374 3477 3387 
6736 2044 3456 3171 
6737 3171 3456 2934 
6738 3100 3524 1588 
6739 3169 3533 2452 
6740 2374 3387 3274 
6741 417 3426 3183 
6742 3132 3518 2859 
6743 3131 3512 2851 
6744 3130 3513 2858 
6745 3133 3520 1834 
6746 3129 3517 2868 
6747 368 3429 3196 
6748 3184 3445 1605 
6749 1602 3459 3190 
6750 3124 3541 1702 
6751 2716 3481 3204 
6752 3199 3461 2668 
6753 3274 3471 2373 
6754 2158 3460 3205 
6755 3387 3477 1463 
6756 3164 3514 2293 
6757 459 3430 3224 
6758 2452 3533 3185 
6759 3198 3535 2340 
6760 2346 3470 3200 
6761 3170 3515 2278 
6762 2012 3535 3198 
6763 2342 3483 3335 
6764 3356 3437 2084 
6765 3314 3443 1868 
6766 3275 3385 2515 
6767 2999 3468 3379 
6768 3263 3537 2371 
6769 3228 3474 2306 
6770 3229 3476 2307 
6771 3319 3392 1394 
6772 2833 3517 3230 
6773 3231 3500 2525 
6774 2330 3513 3239 
6775 2332 3512 3240 
6776 1588 3524 3268 
6777 2334 3518 3241 
6778 3442 3486 2320 
6779 2678 3494 3266 
6780 2454 3520 3244 
6781 2527 3536 3249 
6782 2655 3437 3356 
6783 3283 3509 2013 
6784 2747 3483 3290 
6785 1702 3541 3281 
6786 2754 3542 3289 
6787 3379 3468 1608 
6788 3315 3519 2367 
6789 3357 3516 2870 
6790 3367 3525 2875 
6791 3470 3528 2870 
6792 1487 3486 3442 
6793 1576 3527 3373 
6794 2346 3528 3470 
2 15 2 162
6795 3549 3590 3579 
6796 3579 3585 3549 
6797 3570 3574 3551 
6798 3573 3582 3544 
6799 3544 3583 3573 
6800 3574 3597 3551 
6801 496 3584 497 
6802 3576 3578 3555 
6803 3578 3580 3548 
6804 3555 3599 3576 
6805 497 3584 3544 
6806 3549 3584 496 
6807 3575 3576 3545 
6808 3574 3575 3545 
6809 3577 3589 3560 
6810 3577 3580 3578 
6811 3579 3590 3552 
6812 3544 3584 3583 
6813 3575 3589 3577 
6814 3560 3580 3577 
6815 3584 3604 3583 
6816 3585 3604 3584 
6817 3573 3594 3582 
6818 3551 3595 3570 
6819 3575 3577 3576 
6820 3554 3595 3592 
6821 3554 3608 3595 
6822 3579 3596 3585 
6823 3549 3585 3584 
6824 3577 3578 3576 
6825 3548 3593 3578 
6826 3546 3588 505 
6827 3547 3557 3556 
6828 3561 3589 3564 
6829 3548 3581 489 
6830 489 3581 490 
6831 491 3556 492 
6832 505 3588 506 
6833 499 3582 3553 
6834 3568 3574 3570 
6835 3580 3581 3548 
6836 3558 3580 3560 
6837 3569 3572 3566 
6838 3547 3581 3558 
6839 3547 3556 491 
6840 3568 3570 3567 
6841 3568 3575 3574 
6842 3560 3561 3559 
6843 490 3581 3547 
6844 3550 3586 503 
6845 504 3586 3546 
6846 3547 3558 3557 
6847 3560 3589 3561 
6848 3557 3579 3556 
6849 503 3586 504 
6850 498 3582 499 
6851 3544 3582 498 
6852 3556 3579 3552 
6853 3558 3581 3580 
6854 3570 3571 3567 
6855 3565 3569 3566 
6856 3567 3587 3565 
6857 490 3547 491 
6858 497 3544 498 
6859 504 3546 505 
6860 511 3545 512 
6861 3564 3568 3567 
6862 3564 3589 3568 
6863 3565 3566 3563 
6864 488 3548 489 
6865 492 3556 3552 
6866 495 3549 496 
6867 502 3550 503 
6868 506 3588 3554 
6869 509 3551 510 
6870 3561 3562 3559 
6871 3564 3565 3563 
6872 492 3552 493 
6873 499 3553 500 
6874 506 3554 507 
6875 513 3555 514 
6876 3564 3567 3565 
6877 3565 3587 3569 
6878 3572 3573 3566 
6879 3558 3560 3559 
6880 3561 3564 3563 
6881 3568 3589 3575 
6882 3571 3587 3567 
6883 3558 3559 3557 
6884 3561 3563 3562 
6885 3583 3598 3573 
6886 3553 3609 3591 
6887 3594 3609 3553 
6888 494 3590 495 
6889 501 3591 502 
6890 508 3592 509 
6891 3545 3597 3574 
6892 487 3593 488 
6893 488 3593 3548 
6894 3576 3599 3545 
6895 495 3590 3549 
6896 509 3592 3551 
6897 502 3591 3550 
6898 3598 3604 3562 
6899 3578 3593 3555 
6900 3557 3596 3579 
6901 3562 3596 3559 
6902 511 3597 3545 
6903 3551 3597 510 
6904 3573 3598 3566 
6905 3563 3598 3562 
6906 3545 3599 512 
6907 513 3599 3555 
6908 500 3602 37 
6909 37 3602 501 
6910 514 3600 14 
6911 507 3603 17 
6912 493 3601 29 
6913 14 3600 487 
6914 17 3603 508 
6915 29 3601 494 
6916 3562 3604 3596 
6917 3572 3594 3573 
6918 3582 3594 3553 
6919 3570 3595 3571 
6920 3583 3604 3598 
6921 3559 3596 3557 
6922 3592 3595 3551 
6923 510 3597 511 
6924 3566 3598 3563 
6925 3596 3604 3585 
6926 508 3603 3592 
6927 501 3602 3591 
6928 494 3601 3590 
6929 512 3599 513 
6930 3552 3601 493 
6931 3555 3600 514 
6932 3553 3602 500 
6933 3554 3603 507 
6934 487 3600 3593 
6935 3571 3608 3606 
6936 3546 3607 3606 
6937 3569 3605 3572 
6938 3586 3607 3546 
6939 3571 3606 3587 
6940 3606 3607 3587 
6941 3546 3606 3588 
6942 3550 3605 3586 
6943 3605 3607 3586 
6944 3587 3607 3569 
6945 3569 3607 3605 
6946 3606 3608 3588 
6947 3588 3608 3554 
6948 3591 3602 3553 
6949 3590 3601 3552 
6950 3592 3603 3554 
6951 3605 3609 3572 
6952 3550 3609 3605 
6953 3593 3600 3555 
6954 3591 3609 3550 
6955 3595 3608 3571 
6956 3572 3609 3594 
2 16 2 162
6957 3616 3658 3651 
6958 3636 3640 3617 
6959 3639 3650 3611 
6960 3651 3665 3616 
6961 3640 3663 3617 
6962 3611 3664 3639 
6963 3642 3644 3621 
6964 3644 3645 3614 
6965 3621 3666 3642 
6966 3641 3642 3610 
6967 3640 3641 3610 
6968 3643 3649 3626 
6969 3643 3645 3644 
6970 3651 3658 3618 
6971 3652 3665 3647 
6972 3647 3664 3652 
6973 3641 3649 3643 
6974 3626 3645 3643 
6975 3639 3661 3650 
6976 3617 3662 3636 
6977 3641 3643 3642 
6978 3619 3662 3657 
6979 3619 3674 3662 
6980 3616 3665 3652 
6981 3643 3644 3642 
6982 3614 3660 3644 
6983 3627 3649 3630 
6984 3613 3648 533 
6985 3645 3655 3614 
6986 520 3618 521 
6987 534 3619 535 
6988 520 3622 3618 
6989 3622 3651 3618 
6990 3630 3634 3633 
6991 534 3648 3619 
6992 3624 3645 3626 
6993 3631 3632 3629 
6994 3627 3628 3625 
6995 3634 3641 3640 
6996 527 3650 3620 
6997 3630 3649 3634 
6998 3623 3651 3622 
6999 3611 3650 526 
7000 3638 3639 3632 
7001 3628 3647 3646 
7002 3614 3655 517 
7003 3616 3652 524 
7004 3615 3656 531 
7005 524 3652 525 
7006 3612 3655 3624 
7007 3625 3646 3623 
7008 3627 3630 3629 
7009 3630 3633 3631 
7010 3634 3649 3641 
7011 526 3650 527 
7012 3626 3649 3627 
7013 3637 3653 3633 
7014 3624 3626 3625 
7015 3628 3646 3625 
7016 3646 3651 3623 
7017 3612 3622 519 
7018 3612 3624 3623 
7019 517 3655 518 
7020 518 3655 3612 
7021 531 3656 532 
7022 533 3648 534 
7023 3639 3654 3632 
7024 532 3656 3613 
7025 525 3611 526 
7026 539 3610 540 
7027 3629 3654 3628 
7028 523 3616 524 
7029 537 3617 538 
7030 518 3612 519 
7031 532 3613 533 
7032 3636 3637 3633 
7033 3630 3631 3629 
7034 525 3652 3611 
7035 3626 3627 3625 
7036 3632 3654 3629 
7037 3635 3638 3632 
7038 3634 3636 3633 
7039 3634 3640 3636 
7040 3624 3625 3623 
7041 3631 3653 3635 
7042 3624 3655 3645 
7043 3612 3623 3622 
7044 527 3620 528 
7045 541 3621 542 
7046 519 3622 520 
7047 3633 3653 3631 
7048 3628 3654 3647 
7049 516 3614 517 
7050 530 3615 531 
7051 3631 3635 3632 
7052 3627 3629 3628 
7053 3620 3675 3659 
7054 3661 3675 3620 
7055 3652 3664 3611 
7056 522 3658 523 
7057 536 3657 537 
7058 529 3659 530 
7059 3610 3663 3640 
7060 515 3660 516 
7061 516 3660 3614 
7062 3642 3666 3610 
7063 523 3658 3616 
7064 537 3657 3617 
7065 530 3659 3615 
7066 3644 3660 3621 
7067 3617 3663 538 
7068 3639 3664 3654 
7069 539 3663 3610 
7070 3646 3665 3651 
7071 541 3666 3621 
7072 3610 3666 540 
7073 528 3670 22 
7074 542 3669 28 
7075 25 3668 522 
7076 38 3667 536 
7077 28 3669 515 
7078 521 3668 25 
7079 535 3667 38 
7080 22 3670 529 
7081 3638 3661 3639 
7082 3650 3661 3620 
7083 3636 3662 3637 
7084 3657 3662 3617 
7085 538 3663 539 
7086 3654 3664 3647 
7087 3647 3665 3646 
7088 536 3667 3657 
7089 522 3668 3658 
7090 529 3670 3659 
7091 540 3666 541 
7092 3619 3667 535 
7093 3618 3668 521 
7094 3620 3670 528 
7095 3621 3669 542 
7096 515 3669 3660 
7097 3637 3674 3673 
7098 3653 3673 3672 
7099 3672 3673 3613 
7100 3653 3672 3635 
7101 3613 3673 3648 
7102 3635 3671 3638 
7103 3615 3671 3656 
7104 3671 3672 3656 
7105 3656 3672 3613 
7106 3635 3672 3671 
7107 3637 3673 3653 
7108 3673 3674 3648 
7109 3648 3674 3619 
7110 3657 3667 3619 
7111 3659 3670 3620 
7112 3658 3668 3618 
7113 3671 3675 3638 
7114 3615 3675 3671 
7115 3660 3669 3621 
7116 3659 3675 3615 
7117 3662 3674 3637 
7118 3638 3675 3661 
2 17 2 162
7119 3680 3722 3711 
7120 3711 3717 3680 
7121 3705 3714 3678 
7122 3702 3706 3682 
7123 3678 3715 3705 
7124 3706 3729 3682 
7125 545 3716 546 
7126 3708 3710 3686 
7127 3710 3713 3683 
7128 3686 3731 3708 
7129 546 3716 3678 
7130 3680 3716 545 
7131 3707 3708 3679 
7132 3706 3707 3679 
7133 3709 3720 3692 
7134 3709 3713 3710 
7135 3711 3722 3687 
7136 3678 3716 3715 
7137 3707 3720 3709 
7138 3692 3713 3709 
7139 3716 3736 3715 
7140 3717 3736 3716 
7141 3705 3726 3714 
7142 3682 3727 3702 
7143 3707 3709 3708 
7144 3685 3727 3724 
7145 3685 3740 3727 
7146 3711 3728 3717 
7147 3680 3717 3716 
7148 3709 3710 3708 
7149 3683 3725 3710 
7150 3677 3689 3688 
7151 3683 3713 3712 
7152 566 3712 567 
7153 568 3688 569 
7154 548 3714 3684 
7155 3677 3712 3690 
7156 3696 3720 3700 
7157 3697 3701 3698 
7158 3677 3688 568 
7159 3712 3713 3690 
7160 3700 3702 3699 
7161 3693 3696 3695 
7162 3681 3718 552 
7163 553 3718 3676 
7164 3683 3712 566 
7165 567 3712 3677 
7166 3677 3690 3689 
7167 3697 3721 3701 
7168 552 3718 553 
7169 547 3714 548 
7170 3678 3714 547 
7171 3696 3700 3699 
7172 3696 3697 3695 
7173 3697 3698 3695 
7174 3702 3703 3699 
7175 3700 3707 3706 
7176 3690 3691 3689 
7177 3692 3693 3691 
7178 3693 3694 3691 
7179 3693 3695 3694 
7180 3689 3711 3688 
7181 546 3678 547 
7182 553 3676 554 
7183 560 3679 561 
7184 567 3677 568 
7185 3693 3720 3696 
7186 554 3719 555 
7187 544 3680 545 
7188 551 3681 552 
7189 555 3719 3685 
7190 558 3682 559 
7191 565 3683 566 
7192 569 3688 3687 
7193 3688 3711 3687 
7194 3703 3721 3699 
7195 3699 3721 3697 
7196 548 3684 549 
7197 555 3685 556 
7198 562 3686 563 
7199 569 3687 570 
7200 3696 3699 3697 
7201 3704 3705 3698 
7202 3690 3692 3691 
7203 3692 3720 3693 
7204 3700 3720 3707 
7205 3676 3719 554 
7206 3700 3706 3702 
7207 3690 3713 3692 
7208 3701 3704 3698 
7209 3715 3730 3705 
7210 3684 3741 3723 
7211 3726 3741 3684 
7212 543 3722 544 
7213 550 3723 551 
7214 557 3724 558 
7215 3679 3729 3706 
7216 564 3725 565 
7217 565 3725 3683 
7218 3708 3731 3679 
7219 544 3722 3680 
7220 558 3724 3682 
7221 551 3723 3681 
7222 3730 3736 3694 
7223 3710 3725 3686 
7224 3694 3728 3691 
7225 3689 3728 3711 
7226 560 3729 3679 
7227 3682 3729 559 
7228 3705 3730 3698 
7229 3695 3730 3694 
7230 3679 3731 561 
7231 562 3731 3686 
7232 549 3733 38 
7233 38 3733 550 
7234 563 3735 18 
7235 556 3734 21 
7236 570 3732 37 
7237 18 3735 564 
7238 21 3734 557 
7239 37 3732 543 
7240 3694 3736 3728 
7241 3714 3726 3684 
7242 3704 3726 3705 
7243 3702 3727 3703 
7244 3715 3736 3730 
7245 3691 3728 3689 
7246 3724 3727 3682 
7247 559 3729 560 
7248 3698 3730 3695 
7249 3728 3736 3717 
7250 557 3734 3724 
7251 550 3733 3723 
7252 543 3732 3722 
7253 561 3731 562 
7254 3686 3735 563 
7255 3687 3732 570 
7256 3684 3733 549 
7257 3685 3734 556 
7258 564 3735 3725 
7259 3703 3740 3737 
7260 3676 3739 3737 
7261 3737 3739 3721 
7262 3721 3739 3701 
7263 3718 3739 3676 
7264 3681 3738 3718 
7265 3676 3737 3719 
7266 3701 3738 3704 
7267 3703 3737 3721 
7268 3701 3739 3738 
7269 3738 3739 3718 
7270 3737 3740 3719 
7271 3719 3740 3685 
7272 3723 3733 3684 
7273 3724 3734 3685 
7274 3722 3732 3687 
7275 3738 3741 3704 
7276 3681 3741 3738 
7277 3725 3735 3686 
7278 3723 3741 3681 
7279 3727 3740 3703 
7280 3704 3741 3726 
$EndElements
